Entity,Code,Year,"Meat, camel | 00001127 || Producing or slaughtered animals | 005320 || animals"
Afghanistan,AFG,1961,20000
Afghanistan,AFG,1962,22393
Afghanistan,AFG,1963,27952
Afghanistan,AFG,1964,26000
Afghanistan,AFG,1965,24000
Afghanistan,AFG,1966,24000
Afghanistan,AFG,1967,24000
Afghanistan,AFG,1968,24000
Afghanistan,AFG,1969,24000
Afghanistan,AFG,1970,24000
Afghanistan,AFG,1971,24200
Afghanistan,AFG,1972,24200
Afghanistan,AFG,1973,24200
Afghanistan,AFG,1974,24200
Afghanistan,AFG,1975,24600
Afghanistan,AFG,1976,24600
Afghanistan,AFG,1977,24600
Afghanistan,AFG,1978,30000
Afghanistan,AFG,1979,22100
Afghanistan,AFG,1980,21500
Afghanistan,AFG,1981,21500
Afghanistan,AFG,1982,21500
Afghanistan,AFG,1983,22000
Afghanistan,AFG,1984,22000
Afghanistan,AFG,1985,22000
Afghanistan,AFG,1986,14000
Afghanistan,AFG,1987,15000
Afghanistan,AFG,1988,16000
Afghanistan,AFG,1989,17000
Afghanistan,AFG,1990,18000
Afghanistan,AFG,1991,18000
Afghanistan,AFG,1992,18000
Afghanistan,AFG,1993,18000
Afghanistan,AFG,1994,18000
Afghanistan,AFG,1995,18000
Afghanistan,AFG,1996,19000
Afghanistan,AFG,1997,20000
Afghanistan,AFG,1998,21000
Afghanistan,AFG,1999,22000
Afghanistan,AFG,2000,22000
Afghanistan,AFG,2001,20000
Afghanistan,AFG,2002,20000
Afghanistan,AFG,2003,20000
Afghanistan,AFG,2004,22000
Afghanistan,AFG,2005,21000
Afghanistan,AFG,2006,20000
Afghanistan,AFG,2007,21000
Afghanistan,AFG,2008,21000
Afghanistan,AFG,2009,22000
Afghanistan,AFG,2010,22000
Afghanistan,AFG,2011,19800
Afghanistan,AFG,2012,20000
Afghanistan,AFG,2013,19500
Afghanistan,AFG,2014,19810
Afghanistan,AFG,2015,19986
Afghanistan,AFG,2016,19955
Afghanistan,AFG,2017,20268
Afghanistan,AFG,2018,20419
Afghanistan,AFG,2019,20335
Afghanistan,AFG,2020,20444
Afghanistan,AFG,2021,20500
Africa,,1961,328677
Africa,,1962,341810
Africa,,1963,365849
Africa,,1964,376918
Africa,,1965,409562
Africa,,1966,419961
Africa,,1967,418755
Africa,,1968,439001
Africa,,1969,442165
Africa,,1970,460268
Africa,,1971,449269
Africa,,1972,474261
Africa,,1973,452194
Africa,,1974,456617
Africa,,1975,420040
Africa,,1976,439323
Africa,,1977,432815
Africa,,1978,434888
Africa,,1979,443696
Africa,,1980,480990
Africa,,1981,490550
Africa,,1982,567695
Africa,,1983,562585
Africa,,1984,597686
Africa,,1985,590083
Africa,,1986,585789
Africa,,1987,551425
Africa,,1988,596500
Africa,,1989,647493
Africa,,1990,695601
Africa,,1991,693711
Africa,,1992,702795
Africa,,1993,604332
Africa,,1994,640684
Africa,,1995,668092
Africa,,1996,704438
Africa,,1997,676892
Africa,,1998,714719
Africa,,1999,687532
Africa,,2000,670125
Africa,,2001,718154
Africa,,2002,712933
Africa,,2003,764487
Africa,,2004,786835
Africa,,2005,778541
Africa,,2006,784084
Africa,,2007,902951
Africa,,2008,981704
Africa,,2009,924671
Africa,,2010,1003532
Africa,,2011,1014863
Africa,,2012,1525347
Africa,,2013,1517859
Africa,,2014,1503761
Africa,,2015,1539170
Africa,,2016,1537828
Africa,,2017,1551183
Africa,,2018,1531561
Africa,,2019,1665915
Africa,,2020,1585274
Africa,,2021,1524694
Africa (FAO),,1961,388677
Africa (FAO),,1962,401810
Africa (FAO),,1963,425849
Africa (FAO),,1964,436918
Africa (FAO),,1965,469562
Africa (FAO),,1966,514961
Africa (FAO),,1967,522755
Africa (FAO),,1968,554001
Africa (FAO),,1969,550165
Africa (FAO),,1970,565268
Africa (FAO),,1971,560269
Africa (FAO),,1972,585261
Africa (FAO),,1973,566194
Africa (FAO),,1974,561417
Africa (FAO),,1975,538040
Africa (FAO),,1976,559323
Africa (FAO),,1977,553815
Africa (FAO),,1978,549888
Africa (FAO),,1979,558696
Africa (FAO),,1980,625990
Africa (FAO),,1981,610550
Africa (FAO),,1982,682695
Africa (FAO),,1983,667585
Africa (FAO),,1984,703686
Africa (FAO),,1985,700083
Africa (FAO),,1986,673789
Africa (FAO),,1987,648425
Africa (FAO),,1988,697296
Africa (FAO),,1989,752826
Africa (FAO),,1990,801674
Africa (FAO),,1991,797436
Africa (FAO),,1992,839796
Africa (FAO),,1993,774332
Africa (FAO),,1994,843684
Africa (FAO),,1995,904092
Africa (FAO),,1996,973438
Africa (FAO),,1997,978892
Africa (FAO),,1998,1050319
Africa (FAO),,1999,1038632
Africa (FAO),,2000,1030126
Africa (FAO),,2001,1080354
Africa (FAO),,2002,1070733
Africa (FAO),,2003,1137788
Africa (FAO),,2004,1177935
Africa (FAO),,2005,1049641
Africa (FAO),,2006,1232985
Africa (FAO),,2007,1374050
Africa (FAO),,2008,1512405
Africa (FAO),,2009,1478471
Africa (FAO),,2010,1574632
Africa (FAO),,2011,1632663
Africa (FAO),,2012,1525347
Africa (FAO),,2013,1517859
Africa (FAO),,2014,1503761
Africa (FAO),,2015,1539170
Africa (FAO),,2016,1537828
Africa (FAO),,2017,1551182
Africa (FAO),,2018,1531562
Africa (FAO),,2019,1665916
Africa (FAO),,2020,1585275
Africa (FAO),,2021,1524694
Algeria,DZA,1961,15000
Algeria,DZA,1962,15000
Algeria,DZA,1963,15000
Algeria,DZA,1964,16000
Algeria,DZA,1965,15000
Algeria,DZA,1966,16000
Algeria,DZA,1967,15000
Algeria,DZA,1968,15000
Algeria,DZA,1969,15000
Algeria,DZA,1970,16000
Algeria,DZA,1971,7387
Algeria,DZA,1972,9748
Algeria,DZA,1973,9851
Algeria,DZA,1974,9906
Algeria,DZA,1975,12550
Algeria,DZA,1976,9000
Algeria,DZA,1977,9250
Algeria,DZA,1978,7446
Algeria,DZA,1979,10064
Algeria,DZA,1980,10000
Algeria,DZA,1981,10000
Algeria,DZA,1982,10000
Algeria,DZA,1983,9000
Algeria,DZA,1984,9600
Algeria,DZA,1985,9000
Algeria,DZA,1986,9400
Algeria,DZA,1987,9500
Algeria,DZA,1988,10000
Algeria,DZA,1989,10500
Algeria,DZA,1990,11500
Algeria,DZA,1991,12500
Algeria,DZA,1992,11500
Algeria,DZA,1993,11500
Algeria,DZA,1994,11500
Algeria,DZA,1995,12000
Algeria,DZA,1996,12500
Algeria,DZA,1997,13000
Algeria,DZA,1998,13500
Algeria,DZA,1999,19000
Algeria,DZA,2000,24000
Algeria,DZA,2001,24000
Algeria,DZA,2002,24000
Algeria,DZA,2003,24000
Algeria,DZA,2004,26000
Algeria,DZA,2005,26000
Algeria,DZA,2006,28000
Algeria,DZA,2007,28000
Algeria,DZA,2008,30000
Algeria,DZA,2009,30000
Algeria,DZA,2010,32000
Algeria,DZA,2011,34600
Algeria,DZA,2012,36000
Algeria,DZA,2013,37000
Algeria,DZA,2014,37332
Algeria,DZA,2015,37606
Algeria,DZA,2016,39548
Algeria,DZA,2017,39992
Algeria,DZA,2018,43860
Algeria,DZA,2019,44000
Algeria,DZA,2020,46066
Algeria,DZA,2021,47646
Asia,,1961,255682
Asia,,1962,263443
Asia,,1963,261589
Asia,,1964,268963
Asia,,1965,276883
Asia,,1966,280668
Asia,,1967,275840
Asia,,1968,291791
Asia,,1969,275567
Asia,,1970,276029
Asia,,1971,287962
Asia,,1972,296675
Asia,,1973,327705
Asia,,1974,395062
Asia,,1975,374769
Asia,,1976,361246
Asia,,1977,359839
Asia,,1978,340598
Asia,,1979,337251
Asia,,1980,327042
Asia,,1981,309055
Asia,,1982,300675
Asia,,1983,313537
Asia,,1984,336658
Asia,,1985,355187
Asia,,1986,342076
Asia,,1987,350406
Asia,,1988,360249
Asia,,1989,389050
Asia,,1990,423593
Asia,,1991,434024
Asia,,1992,461621
Asia,,1993,450416
Asia,,1994,459439
Asia,,1995,442381
Asia,,1996,502823
Asia,,1997,522538
Asia,,1998,515931
Asia,,1999,484490
Asia,,2000,503009
Asia,,2001,501624
Asia,,2002,500492
Asia,,2003,495998
Asia,,2004,531671
Asia,,2005,528159
Asia,,2006,549829
Asia,,2007,568453
Asia,,2008,580938
Asia,,2009,600748
Asia,,2010,615810
Asia,,2011,626421
Asia,,2012,606209
Asia,,2013,725152
Asia,,2014,955203
Asia,,2015,985635
Asia,,2016,1011859
Asia,,2017,1032859
Asia,,2018,1067443
Asia,,2019,1184960
Asia,,2020,1202495
Asia,,2021,1231097
Asia (FAO),,1961,255682
Asia (FAO),,1962,263443
Asia (FAO),,1963,261589
Asia (FAO),,1964,268963
Asia (FAO),,1965,276883
Asia (FAO),,1966,280668
Asia (FAO),,1967,275840
Asia (FAO),,1968,291791
Asia (FAO),,1969,275567
Asia (FAO),,1970,276029
Asia (FAO),,1971,287962
Asia (FAO),,1972,296675
Asia (FAO),,1973,327705
Asia (FAO),,1974,395062
Asia (FAO),,1975,374769
Asia (FAO),,1976,361246
Asia (FAO),,1977,359839
Asia (FAO),,1978,340598
Asia (FAO),,1979,337251
Asia (FAO),,1980,327042
Asia (FAO),,1981,309055
Asia (FAO),,1982,300675
Asia (FAO),,1983,313537
Asia (FAO),,1984,336658
Asia (FAO),,1985,355187
Asia (FAO),,1986,342076
Asia (FAO),,1987,350406
Asia (FAO),,1988,360249
Asia (FAO),,1989,389050
Asia (FAO),,1990,423593
Asia (FAO),,1991,434024
Asia (FAO),,1992,461621
Asia (FAO),,1993,450416
Asia (FAO),,1994,459439
Asia (FAO),,1995,442381
Asia (FAO),,1996,502823
Asia (FAO),,1997,522538
Asia (FAO),,1998,515931
Asia (FAO),,1999,484490
Asia (FAO),,2000,503009
Asia (FAO),,2001,501624
Asia (FAO),,2002,500492
Asia (FAO),,2003,495998
Asia (FAO),,2004,531671
Asia (FAO),,2005,528159
Asia (FAO),,2006,549829
Asia (FAO),,2007,568453
Asia (FAO),,2008,580938
Asia (FAO),,2009,600748
Asia (FAO),,2010,615810
Asia (FAO),,2011,626420
Asia (FAO),,2012,606209
Asia (FAO),,2013,725151
Asia (FAO),,2014,955202
Asia (FAO),,2015,985636
Asia (FAO),,2016,1011859
Asia (FAO),,2017,1032859
Asia (FAO),,2018,1067443
Asia (FAO),,2019,1184959
Asia (FAO),,2020,1202494
Asia (FAO),,2021,1231097
Bahrain,BHR,1961,100
Bahrain,BHR,1962,100
Bahrain,BHR,1963,100
Bahrain,BHR,1964,100
Bahrain,BHR,1965,100
Bahrain,BHR,1966,100
Bahrain,BHR,1967,100
Bahrain,BHR,1968,100
Bahrain,BHR,1969,100
Bahrain,BHR,1970,100
Bahrain,BHR,1971,100
Bahrain,BHR,1972,100
Bahrain,BHR,1973,310
Bahrain,BHR,1974,250
Bahrain,BHR,1975,250
Bahrain,BHR,1976,250
Bahrain,BHR,1977,300
Bahrain,BHR,1978,300
Bahrain,BHR,1979,300
Bahrain,BHR,1980,350
Bahrain,BHR,1981,350
Bahrain,BHR,1982,350
Bahrain,BHR,1983,360
Bahrain,BHR,1984,360
Bahrain,BHR,1985,370
Bahrain,BHR,1986,380
Bahrain,BHR,1987,390
Bahrain,BHR,1988,395
Bahrain,BHR,1989,400
Bahrain,BHR,1990,380
Bahrain,BHR,1991,380
Bahrain,BHR,1992,385
Bahrain,BHR,1993,390
Bahrain,BHR,1994,400
Bahrain,BHR,1995,410
Bahrain,BHR,1996,415
Bahrain,BHR,1997,415
Bahrain,BHR,1998,420
Bahrain,BHR,1999,415
Bahrain,BHR,2000,418
Bahrain,BHR,2001,420
Bahrain,BHR,2002,420
Bahrain,BHR,2003,420
Bahrain,BHR,2004,420
Bahrain,BHR,2005,420
Bahrain,BHR,2006,420
Bahrain,BHR,2007,420
Bahrain,BHR,2008,450
Bahrain,BHR,2009,450
Bahrain,BHR,2010,450
Bahrain,BHR,2011,448
Bahrain,BHR,2012,452
Bahrain,BHR,2013,452
Bahrain,BHR,2014,441
Bahrain,BHR,2015,437
Bahrain,BHR,2016,432
Bahrain,BHR,2017,429
Bahrain,BHR,2018,428
Bahrain,BHR,2019,428
Bahrain,BHR,2020,428
Bahrain,BHR,2021,428
Burkina Faso,BFA,1961,1200
Burkina Faso,BFA,1962,1200
Burkina Faso,BFA,1963,1200
Burkina Faso,BFA,1964,1200
Burkina Faso,BFA,1965,1200
Burkina Faso,BFA,1966,1200
Burkina Faso,BFA,1967,1200
Burkina Faso,BFA,1968,1200
Burkina Faso,BFA,1969,1200
Burkina Faso,BFA,1970,1200
Burkina Faso,BFA,1971,1200
Burkina Faso,BFA,1972,1200
Burkina Faso,BFA,1973,1200
Burkina Faso,BFA,1974,1200
Burkina Faso,BFA,1975,1200
Burkina Faso,BFA,1976,1200
Burkina Faso,BFA,1977,1200
Burkina Faso,BFA,1978,1200
Burkina Faso,BFA,1979,1200
Burkina Faso,BFA,1980,1200
Burkina Faso,BFA,1981,1200
Burkina Faso,BFA,1982,1200
Burkina Faso,BFA,1983,1200
Burkina Faso,BFA,1984,1200
Burkina Faso,BFA,1985,1200
Burkina Faso,BFA,1986,1200
Burkina Faso,BFA,1987,1200
Burkina Faso,BFA,1988,1200
Burkina Faso,BFA,1989,1200
Burkina Faso,BFA,1990,975
Burkina Faso,BFA,1991,992
Burkina Faso,BFA,1992,1008
Burkina Faso,BFA,1993,1024
Burkina Faso,BFA,1994,1044
Burkina Faso,BFA,1995,1065
Burkina Faso,BFA,1996,1087
Burkina Faso,BFA,1997,1108
Burkina Faso,BFA,1998,1131
Burkina Faso,BFA,1999,1158
Burkina Faso,BFA,2000,1181
Burkina Faso,BFA,2001,1205
Burkina Faso,BFA,2002,1229
Burkina Faso,BFA,2003,1185
Burkina Faso,BFA,2004,1208
Burkina Faso,BFA,2005,1232
Burkina Faso,BFA,2006,1256
Burkina Faso,BFA,2007,1281
Burkina Faso,BFA,2008,1306
Burkina Faso,BFA,2009,1332
Burkina Faso,BFA,2010,1359
Burkina Faso,BFA,2011,1385
Burkina Faso,BFA,2012,1412
Burkina Faso,BFA,2013,1395
Burkina Faso,BFA,2014,1415
Burkina Faso,BFA,2015,1384
Burkina Faso,BFA,2016,1348
Burkina Faso,BFA,2017,1341
Burkina Faso,BFA,2018,1353
Burkina Faso,BFA,2019,1334
Burkina Faso,BFA,2020,1386
Burkina Faso,BFA,2021,1358
Central Asia (FAO),,1992,26955
Central Asia (FAO),,1993,28927
Central Asia (FAO),,1994,32698
Central Asia (FAO),,1995,23082
Central Asia (FAO),,1996,31479
Central Asia (FAO),,1997,36085
Central Asia (FAO),,1998,33700
Central Asia (FAO),,1999,32600
Central Asia (FAO),,2000,21700
Central Asia (FAO),,2001,22400
Central Asia (FAO),,2002,21900
Central Asia (FAO),,2003,25020
Central Asia (FAO),,2004,26800
Central Asia (FAO),,2005,27245
Central Asia (FAO),,2006,26500
Central Asia (FAO),,2007,28200
Central Asia (FAO),,2008,28700
Central Asia (FAO),,2009,28482
Central Asia (FAO),,2010,29863
Central Asia (FAO),,2011,31258
Central Asia (FAO),,2012,30488
Central Asia (FAO),,2013,31442
Central Asia (FAO),,2014,32024
Central Asia (FAO),,2015,31243
Central Asia (FAO),,2016,34748
Central Asia (FAO),,2017,37249
Central Asia (FAO),,2018,41218
Central Asia (FAO),,2019,78725
Central Asia (FAO),,2020,85437
Central Asia (FAO),,2021,85471
Chad,TCD,1961,1000
Chad,TCD,1962,1000
Chad,TCD,1963,2000
Chad,TCD,1964,2000
Chad,TCD,1965,2000
Chad,TCD,1966,2000
Chad,TCD,1967,2000
Chad,TCD,1968,2000
Chad,TCD,1969,2000
Chad,TCD,1970,2000
Chad,TCD,1971,2000
Chad,TCD,1972,2500
Chad,TCD,1973,2500
Chad,TCD,1974,3000
Chad,TCD,1975,3000
Chad,TCD,1976,3000
Chad,TCD,1977,3000
Chad,TCD,1978,3000
Chad,TCD,1979,3000
Chad,TCD,1980,3000
Chad,TCD,1981,3200
Chad,TCD,1982,3500
Chad,TCD,1983,4000
Chad,TCD,1984,4000
Chad,TCD,1985,3533
Chad,TCD,1986,3484
Chad,TCD,1987,3800
Chad,TCD,1988,3900
Chad,TCD,1989,5163
Chad,TCD,1990,5235
Chad,TCD,1991,5667
Chad,TCD,1992,6131
Chad,TCD,1993,6635
Chad,TCD,1994,7173
Chad,TCD,1995,7759
Chad,TCD,1996,8389
Chad,TCD,1997,9070
Chad,TCD,1998,9802
Chad,TCD,1999,10592
Chad,TCD,2000,11442
Chad,TCD,2001,12358
Chad,TCD,2002,13347
Chad,TCD,2003,14410
Chad,TCD,2004,15560
Chad,TCD,2005,16794
Chad,TCD,2006,18124
Chad,TCD,2007,19559
Chad,TCD,2008,21105
Chad,TCD,2009,22766
Chad,TCD,2010,24556
Chad,TCD,2011,26483
Chad,TCD,2012,28556
Chad,TCD,2013,30790
Chad,TCD,2014,33189
Chad,TCD,2015,30064
Chad,TCD,2016,27126
Chad,TCD,2017,36450
Chad,TCD,2018,36564
Chad,TCD,2019,38916
Chad,TCD,2020,41643
Chad,TCD,2021,44562
China,CHN,1961,32000
China,CHN,1962,32000
China,CHN,1963,37000
China,CHN,1964,42000
China,CHN,1965,46000
China,CHN,1966,50000
China,CHN,1967,50000
China,CHN,1968,50000
China,CHN,1969,50000
China,CHN,1970,50000
China,CHN,1971,50000
China,CHN,1972,50000
China,CHN,1973,50000
China,CHN,1974,50000
China,CHN,1975,50000
China,CHN,1976,50000
China,CHN,1977,50000
China,CHN,1978,50000
China,CHN,1979,50000
China,CHN,1980,50000
China,CHN,1981,55000
China,CHN,1982,60000
China,CHN,1983,59000
China,CHN,1984,62000
China,CHN,1985,65000
China,CHN,1986,68000
China,CHN,1987,70000
China,CHN,1988,72000
China,CHN,1989,75000
China,CHN,1990,78000
China,CHN,1991,32000
China,CHN,1992,41000
China,CHN,1993,45500
China,CHN,1994,53100
China,CHN,1995,50000
China,CHN,1996,47000
China,CHN,1997,48000
China,CHN,1998,61000
China,CHN,1999,67000
China,CHN,2000,67000
China,CHN,2001,65000
China,CHN,2002,69000
China,CHN,2003,65000
China,CHN,2004,65600
China,CHN,2005,65400
China,CHN,2006,68000
China,CHN,2007,74000
China,CHN,2008,81000
China,CHN,2009,63000
China,CHN,2010,65000
China,CHN,2011,67000
China,CHN,2012,67000
China,CHN,2013,77000
China,CHN,2014,77119
China,CHN,2015,76521
China,CHN,2016,78683
China,CHN,2017,75517
China,CHN,2018,100524
China,CHN,2019,128867
China,CHN,2020,116317
China,CHN,2021,130602
China (FAO),,1961,32000
China (FAO),,1962,32000
China (FAO),,1963,37000
China (FAO),,1964,42000
China (FAO),,1965,46000
China (FAO),,1966,50000
China (FAO),,1967,50000
China (FAO),,1968,50000
China (FAO),,1969,50000
China (FAO),,1970,50000
China (FAO),,1971,50000
China (FAO),,1972,50000
China (FAO),,1973,50000
China (FAO),,1974,50000
China (FAO),,1975,50000
China (FAO),,1976,50000
China (FAO),,1977,50000
China (FAO),,1978,50000
China (FAO),,1979,50000
China (FAO),,1980,50000
China (FAO),,1981,55000
China (FAO),,1982,60000
China (FAO),,1983,59000
China (FAO),,1984,62000
China (FAO),,1985,65000
China (FAO),,1986,68000
China (FAO),,1987,70000
China (FAO),,1988,72000
China (FAO),,1989,75000
China (FAO),,1990,78000
China (FAO),,1991,32000
China (FAO),,1992,41000
China (FAO),,1993,45500
China (FAO),,1994,53100
China (FAO),,1995,50000
China (FAO),,1996,47000
China (FAO),,1997,48000
China (FAO),,1998,61000
China (FAO),,1999,67000
China (FAO),,2000,67000
China (FAO),,2001,65000
China (FAO),,2002,69000
China (FAO),,2003,65000
China (FAO),,2004,65600
China (FAO),,2005,65400
China (FAO),,2006,68000
China (FAO),,2007,74000
China (FAO),,2008,81000
China (FAO),,2009,63000
China (FAO),,2010,65000
China (FAO),,2011,67000
China (FAO),,2012,67000
China (FAO),,2013,77000
China (FAO),,2014,77119
China (FAO),,2015,76521
China (FAO),,2016,78683
China (FAO),,2017,75517
China (FAO),,2018,100524
China (FAO),,2019,128867
China (FAO),,2020,116317
China (FAO),,2021,130602
Djibouti,DJI,1961,1440
Djibouti,DJI,1962,1472
Djibouti,DJI,1963,1496
Djibouti,DJI,1964,1528
Djibouti,DJI,1965,1560
Djibouti,DJI,1966,1590
Djibouti,DJI,1967,1600
Djibouti,DJI,1968,1600
Djibouti,DJI,1969,1680
Djibouti,DJI,1970,1760
Djibouti,DJI,1971,1840
Djibouti,DJI,1972,1840
Djibouti,DJI,1973,1860
Djibouti,DJI,1974,1900
Djibouti,DJI,1975,2000
Djibouti,DJI,1976,2000
Djibouti,DJI,1977,2700
Djibouti,DJI,1978,3000
Djibouti,DJI,1979,3000
Djibouti,DJI,1980,3000
Djibouti,DJI,1981,3000
Djibouti,DJI,1982,3100
Djibouti,DJI,1983,3100
Djibouti,DJI,1984,3200
Djibouti,DJI,1985,3300
Djibouti,DJI,1986,3400
Djibouti,DJI,1987,3500
Djibouti,DJI,1988,3600
Djibouti,DJI,1989,3600
Djibouti,DJI,1990,3700
Djibouti,DJI,1991,3800
Djibouti,DJI,1992,3900
Djibouti,DJI,1993,4000
Djibouti,DJI,1994,4000
Djibouti,DJI,1995,4100
Djibouti,DJI,1996,4200
Djibouti,DJI,1997,4200
Djibouti,DJI,1998,4200
Djibouti,DJI,1999,4250
Djibouti,DJI,2000,4300
Djibouti,DJI,2001,4350
Djibouti,DJI,2002,4400
Djibouti,DJI,2003,4400
Djibouti,DJI,2004,4400
Djibouti,DJI,2005,5000
Djibouti,DJI,2006,4400
Djibouti,DJI,2007,4400
Djibouti,DJI,2008,4400
Djibouti,DJI,2009,4400
Djibouti,DJI,2010,4400
Djibouti,DJI,2011,4500
Djibouti,DJI,2012,4581
Djibouti,DJI,2013,4564
Djibouti,DJI,2014,4544
Djibouti,DJI,2015,4544
Djibouti,DJI,2016,4552
Djibouti,DJI,2017,4553
Djibouti,DJI,2018,4562
Djibouti,DJI,2019,4555
Djibouti,DJI,2020,4560
Djibouti,DJI,2021,4566
Eastern Africa (FAO),,1961,150340
Eastern Africa (FAO),,1962,153472
Eastern Africa (FAO),,1963,168396
Eastern Africa (FAO),,1964,161128
Eastern Africa (FAO),,1965,161060
Eastern Africa (FAO),,1966,161990
Eastern Africa (FAO),,1967,161900
Eastern Africa (FAO),,1968,187720
Eastern Africa (FAO),,1969,183280
Eastern Africa (FAO),,1970,183360
Eastern Africa (FAO),,1971,188740
Eastern Africa (FAO),,1972,194840
Eastern Africa (FAO),,1973,186960
Eastern Africa (FAO),,1974,196800
Eastern Africa (FAO),,1975,195200
Eastern Africa (FAO),,1976,195200
Eastern Africa (FAO),,1977,200400
Eastern Africa (FAO),,1978,205560
Eastern Africa (FAO),,1979,209420
Eastern Africa (FAO),,1980,217280
Eastern Africa (FAO),,1981,223740
Eastern Africa (FAO),,1982,226400
Eastern Africa (FAO),,1983,217660
Eastern Africa (FAO),,1984,230936
Eastern Africa (FAO),,1985,243160
Eastern Africa (FAO),,1986,260400
Eastern Africa (FAO),,1987,264920
Eastern Africa (FAO),,1988,270180
Eastern Africa (FAO),,1989,309040
Eastern Africa (FAO),,1990,342000
Eastern Africa (FAO),,1991,358960
Eastern Africa (FAO),,1992,345920
Eastern Africa (FAO),,1993,303500
Eastern Africa (FAO),,1994,307560
Eastern Africa (FAO),,1995,328730
Eastern Africa (FAO),,1996,337890
Eastern Africa (FAO),,1997,329955
Eastern Africa (FAO),,1998,354020
Eastern Africa (FAO),,1999,341130
Eastern Africa (FAO),,2000,362450
Eastern Africa (FAO),,2001,397860
Eastern Africa (FAO),,2002,395680
Eastern Africa (FAO),,2003,420040
Eastern Africa (FAO),,2004,445210
Eastern Africa (FAO),,2005,424475
Eastern Africa (FAO),,2006,426745
Eastern Africa (FAO),,2007,601800
Eastern Africa (FAO),,2008,696400
Eastern Africa (FAO),,2009,618243
Eastern Africa (FAO),,2010,678300
Eastern Africa (FAO),,2011,658700
Eastern Africa (FAO),,2012,669081
Eastern Africa (FAO),,2013,671564
Eastern Africa (FAO),,2014,629320
Eastern Africa (FAO),,2015,652583
Eastern Africa (FAO),,2016,641190
Eastern Africa (FAO),,2017,656085
Eastern Africa (FAO),,2018,685470
Eastern Africa (FAO),,2019,771301
Eastern Africa (FAO),,2020,692405
Eastern Africa (FAO),,2021,609088
Eastern Asia (FAO),,1961,82000
Eastern Asia (FAO),,1962,87000
Eastern Asia (FAO),,1963,83000
Eastern Asia (FAO),,1964,92000
Eastern Asia (FAO),,1965,97000
Eastern Asia (FAO),,1966,100000
Eastern Asia (FAO),,1967,96000
Eastern Asia (FAO),,1968,96000
Eastern Asia (FAO),,1969,90000
Eastern Asia (FAO),,1970,85000
Eastern Asia (FAO),,1971,83000
Eastern Asia (FAO),,1972,85000
Eastern Asia (FAO),,1973,91000
Eastern Asia (FAO),,1974,91000
Eastern Asia (FAO),,1975,91000
Eastern Asia (FAO),,1976,89600
Eastern Asia (FAO),,1977,96000
Eastern Asia (FAO),,1978,98000
Eastern Asia (FAO),,1979,92000
Eastern Asia (FAO),,1980,90000
Eastern Asia (FAO),,1981,93000
Eastern Asia (FAO),,1982,94000
Eastern Asia (FAO),,1983,96000
Eastern Asia (FAO),,1984,98000
Eastern Asia (FAO),,1985,102000
Eastern Asia (FAO),,1986,104600
Eastern Asia (FAO),,1987,106700
Eastern Asia (FAO),,1988,104300
Eastern Asia (FAO),,1989,116300
Eastern Asia (FAO),,1990,125500
Eastern Asia (FAO),,1991,125600
Eastern Asia (FAO),,1992,125100
Eastern Asia (FAO),,1993,104800
Eastern Asia (FAO),,1994,81700
Eastern Asia (FAO),,1995,81600
Eastern Asia (FAO),,1996,85300
Eastern Asia (FAO),,1997,83800
Eastern Asia (FAO),,1998,91800
Eastern Asia (FAO),,1999,98900
Eastern Asia (FAO),,2000,114100
Eastern Asia (FAO),,2001,110400
Eastern Asia (FAO),,2002,100800
Eastern Asia (FAO),,2003,85700
Eastern Asia (FAO),,2004,98900
Eastern Asia (FAO),,2005,98800
Eastern Asia (FAO),,2006,97600
Eastern Asia (FAO),,2007,99700
Eastern Asia (FAO),,2008,113100
Eastern Asia (FAO),,2009,89779
Eastern Asia (FAO),,2010,91870
Eastern Asia (FAO),,2011,96448
Eastern Asia (FAO),,2012,92181
Eastern Asia (FAO),,2013,106731
Eastern Asia (FAO),,2014,110006
Eastern Asia (FAO),,2015,110951
Eastern Asia (FAO),,2016,115360
Eastern Asia (FAO),,2017,108917
Eastern Asia (FAO),,2018,145853
Eastern Asia (FAO),,2019,187778
Eastern Asia (FAO),,2020,197315
Eastern Asia (FAO),,2021,192170
Eastern Europe (FAO),,1992,1415
Eastern Europe (FAO),,1993,1450
Eastern Europe (FAO),,1994,1457
Eastern Europe (FAO),,1995,1464
Eastern Europe (FAO),,1996,1499
Eastern Europe (FAO),,1997,1552
Eastern Europe (FAO),,1998,1486
Eastern Europe (FAO),,1999,1365
Eastern Europe (FAO),,2000,1365
Eastern Europe (FAO),,2001,1135
Eastern Europe (FAO),,2002,910
Eastern Europe (FAO),,2003,1000
Eastern Europe (FAO),,2004,1000
Eastern Europe (FAO),,2005,1132
Eastern Europe (FAO),,2006,749
Eastern Europe (FAO),,2007,700
Eastern Europe (FAO),,2008,786
Eastern Europe (FAO),,2009,428
Eastern Europe (FAO),,2010,763
Eastern Europe (FAO),,2011,519
Eastern Europe (FAO),,2012,563
Eastern Europe (FAO),,2013,835
Eastern Europe (FAO),,2014,725
Eastern Europe (FAO),,2015,851
Eastern Europe (FAO),,2016,769
Eastern Europe (FAO),,2017,748
Eastern Europe (FAO),,2018,594
Eastern Europe (FAO),,2019,602
Eastern Europe (FAO),,2020,574
Eastern Europe (FAO),,2021,485
Egypt,EGY,1961,45000
Egypt,EGY,1962,50000
Egypt,EGY,1963,55000
Egypt,EGY,1964,58000
Egypt,EGY,1965,60000
Egypt,EGY,1966,65000
Egypt,EGY,1967,71000
Egypt,EGY,1968,45000
Egypt,EGY,1969,50000
Egypt,EGY,1970,54000
Egypt,EGY,1971,48000
Egypt,EGY,1972,58000
Egypt,EGY,1973,53000
Egypt,EGY,1974,56000
Egypt,EGY,1975,50000
Egypt,EGY,1976,57000
Egypt,EGY,1977,56539
Egypt,EGY,1978,52400
Egypt,EGY,1979,44835
Egypt,EGY,1980,42000
Egypt,EGY,1981,46296
Egypt,EGY,1982,100000
Egypt,EGY,1983,108000
Egypt,EGY,1984,135000
Egypt,EGY,1985,128000
Egypt,EGY,1986,88000
Egypt,EGY,1987,49000
Egypt,EGY,1988,77000
Egypt,EGY,1989,80000
Egypt,EGY,1990,74000
Egypt,EGY,1991,90000
Egypt,EGY,1992,96214
Egypt,EGY,1993,66862
Egypt,EGY,1994,83023
Egypt,EGY,1995,82500
Egypt,EGY,1996,108000
Egypt,EGY,1997,101000
Egypt,EGY,1998,120000
Egypt,EGY,1999,110000
Egypt,EGY,2000,110000
Egypt,EGY,2001,114393
Egypt,EGY,2002,103916
Egypt,EGY,2003,111160
Egypt,EGY,2004,112017
Egypt,EGY,2005,116693
Egypt,EGY,2006,121799
Egypt,EGY,2007,69246
Egypt,EGY,2008,50825
Egypt,EGY,2009,66267
Egypt,EGY,2010,71408
Egypt,EGY,2011,88433
Egypt,EGY,2012,77121
Egypt,EGY,2013,62000
Egypt,EGY,2014,68000
Egypt,EGY,2015,83000
Egypt,EGY,2016,89000
Egypt,EGY,2017,79000
Egypt,EGY,2018,21000
Egypt,EGY,2019,69000
Egypt,EGY,2020,55000
Egypt,EGY,2021,59968
Eritrea,ERI,1993,12500
Eritrea,ERI,1994,12560
Eritrea,ERI,1995,12630
Eritrea,ERI,1996,12690
Eritrea,ERI,1997,12755
Eritrea,ERI,1998,12820
Eritrea,ERI,1999,12880
Eritrea,ERI,2000,12950
Eritrea,ERI,2001,13010
Eritrea,ERI,2002,13080
Eritrea,ERI,2003,13140
Eritrea,ERI,2004,13210
Eritrea,ERI,2005,13275
Eritrea,ERI,2006,13345
Eritrea,ERI,2007,13400
Eritrea,ERI,2008,13500
Eritrea,ERI,2009,13543
Eritrea,ERI,2010,13900
Eritrea,ERI,2011,14200
Eritrea,ERI,2012,14500
Eritrea,ERI,2013,15000
Eritrea,ERI,2014,14978
Eritrea,ERI,2015,14984
Eritrea,ERI,2016,15236
Eritrea,ERI,2017,15507
Eritrea,ERI,2018,15307
Eritrea,ERI,2019,15529
Eritrea,ERI,2020,15799
Eritrea,ERI,2021,16067
Ethiopia,ETH,1993,29000
Ethiopia,ETH,1994,30000
Ethiopia,ETH,1995,44000
Ethiopia,ETH,1996,47000
Ethiopia,ETH,1997,50000
Ethiopia,ETH,1998,53000
Ethiopia,ETH,1999,59000
Ethiopia,ETH,2000,65000
Ethiopia,ETH,2001,78000
Ethiopia,ETH,2002,79000
Ethiopia,ETH,2003,80000
Ethiopia,ETH,2004,82000
Ethiopia,ETH,2005,78000
Ethiopia,ETH,2006,75000
Ethiopia,ETH,2007,104000
Ethiopia,ETH,2008,170000
Ethiopia,ETH,2009,132300
Ethiopia,ETH,2010,185000
Ethiopia,ETH,2011,165000
Ethiopia,ETH,2012,165000
Ethiopia,ETH,2013,165000
Ethiopia,ETH,2014,140000
Ethiopia,ETH,2015,140000
Ethiopia,ETH,2016,140000
Ethiopia,ETH,2017,160000
Ethiopia,ETH,2018,200000
Ethiopia,ETH,2019,216513
Ethiopia,ETH,2020,185793
Ethiopia,ETH,2021,174013
Ethiopia (former),OWID_ERE,1961,74400
Ethiopia (former),OWID_ERE,1962,74800
Ethiopia (former),OWID_ERE,1963,75300
Ethiopia (former),OWID_ERE,1964,75600
Ethiopia (former),OWID_ERE,1965,76100
Ethiopia (former),OWID_ERE,1966,76600
Ethiopia (former),OWID_ERE,1967,77100
Ethiopia (former),OWID_ERE,1968,77520
Ethiopia (former),OWID_ERE,1969,78500
Ethiopia (former),OWID_ERE,1970,78900
Ethiopia (former),OWID_ERE,1971,79200
Ethiopia (former),OWID_ERE,1972,79600
Ethiopia (former),OWID_ERE,1973,80000
Ethiopia (former),OWID_ERE,1974,80400
Ethiopia (former),OWID_ERE,1975,81000
Ethiopia (former),OWID_ERE,1976,81600
Ethiopia (former),OWID_ERE,1977,80700
Ethiopia (former),OWID_ERE,1978,82560
Ethiopia (former),OWID_ERE,1979,83420
Ethiopia (former),OWID_ERE,1980,84280
Ethiopia (former),OWID_ERE,1981,85140
Ethiopia (former),OWID_ERE,1982,86000
Ethiopia (former),OWID_ERE,1983,86860
Ethiopia (former),OWID_ERE,1984,87720
Ethiopia (former),OWID_ERE,1985,86860
Ethiopia (former),OWID_ERE,1986,86000
Ethiopia (former),OWID_ERE,1987,87720
Ethiopia (former),OWID_ERE,1988,88580
Ethiopia (former),OWID_ERE,1989,89440
Ethiopia (former),OWID_ERE,1990,90300
Ethiopia (former),OWID_ERE,1991,91160
Ethiopia (former),OWID_ERE,1992,92020
Europe,,1992,1415
Europe,,1993,1450
Europe,,1994,1457
Europe,,1995,1464
Europe,,1996,1499
Europe,,1997,1552
Europe,,1998,1486
Europe,,1999,1365
Europe,,2000,1365
Europe,,2001,1135
Europe,,2002,910
Europe,,2003,1000
Europe,,2004,1000
Europe,,2005,1132
Europe,,2006,749
Europe,,2007,700
Europe,,2008,786
Europe,,2009,428
Europe,,2010,763
Europe,,2011,519
Europe,,2012,563
Europe,,2013,835
Europe,,2014,725
Europe,,2015,851
Europe,,2016,769
Europe,,2017,748
Europe,,2018,594
Europe,,2019,602
Europe,,2020,574
Europe,,2021,485
Europe (FAO),,1992,1415
Europe (FAO),,1993,1450
Europe (FAO),,1994,1457
Europe (FAO),,1995,1464
Europe (FAO),,1996,1499
Europe (FAO),,1997,1552
Europe (FAO),,1998,1486
Europe (FAO),,1999,1365
Europe (FAO),,2000,1365
Europe (FAO),,2001,1135
Europe (FAO),,2002,910
Europe (FAO),,2003,1000
Europe (FAO),,2004,1000
Europe (FAO),,2005,1132
Europe (FAO),,2006,749
Europe (FAO),,2007,700
Europe (FAO),,2008,786
Europe (FAO),,2009,428
Europe (FAO),,2010,763
Europe (FAO),,2011,519
Europe (FAO),,2012,563
Europe (FAO),,2013,835
Europe (FAO),,2014,725
Europe (FAO),,2015,851
Europe (FAO),,2016,769
Europe (FAO),,2017,748
Europe (FAO),,2018,594
Europe (FAO),,2019,602
Europe (FAO),,2020,574
Europe (FAO),,2021,485
High-income countries,,1961,86444
High-income countries,,1962,87288
High-income countries,,1963,88575
High-income countries,,1964,89313
High-income countries,,1965,91629
High-income countries,,1966,93275
High-income countries,,1967,93488
High-income countries,,1968,104075
High-income countries,,1969,97015
High-income countries,,1970,100139
High-income countries,,1971,113718
High-income countries,,1972,121282
High-income countries,,1973,146966
High-income countries,,1974,220552
High-income countries,,1975,202679
High-income countries,,1976,190093
High-income countries,,1977,185546
High-income countries,,1978,167478
High-income countries,,1979,182091
High-income countries,,1980,172542
High-income countries,,1981,148745
High-income countries,,1982,143795
High-income countries,,1983,154607
High-income countries,,1984,177319
High-income countries,,1985,192415
High-income countries,,1986,191704
High-income countries,,1987,195559
High-income countries,,1988,205397
High-income countries,,1989,216212
High-income countries,,1990,240890
High-income countries,,1991,250764
High-income countries,,1992,252606
High-income countries,,1993,259829
High-income countries,,1994,287781
High-income countries,,1995,280139
High-income countries,,1996,326524
High-income countries,,1997,334970
High-income countries,,1998,312946
High-income countries,,1999,279994
High-income countries,,2000,292567
High-income countries,,2001,297670
High-income countries,,2002,302760
High-income countries,,2003,310200
High-income countries,,2004,330420
High-income countries,,2005,326020
High-income countries,,2006,345720
High-income countries,,2007,363420
High-income countries,,2008,360650
High-income countries,,2009,400950
High-income countries,,2010,410750
High-income countries,,2011,417498
High-income countries,,2012,402023
High-income countries,,2013,446421
High-income countries,,2014,678659
High-income countries,,2015,706782
High-income countries,,2016,721757
High-income countries,,2017,735994
High-income countries,,2018,750510
High-income countries,,2019,784624
High-income countries,,2020,790261
High-income countries,,2021,817951
Iran,IRN,1961,14000
Iran,IRN,1962,14000
Iran,IRN,1963,11000
Iran,IRN,1964,10000
Iran,IRN,1965,10000
Iran,IRN,1966,10000
Iran,IRN,1967,10000
Iran,IRN,1968,10000
Iran,IRN,1969,8000
Iran,IRN,1970,7000
Iran,IRN,1971,6000
Iran,IRN,1972,6000
Iran,IRN,1973,6000
Iran,IRN,1974,5500
Iran,IRN,1975,5500
Iran,IRN,1976,6000
Iran,IRN,1977,6000
Iran,IRN,1978,6000
Iran,IRN,1979,6000
Iran,IRN,1980,6000
Iran,IRN,1981,6000
Iran,IRN,1982,6000
Iran,IRN,1983,6000
Iran,IRN,1984,6500
Iran,IRN,1985,6500
Iran,IRN,1986,7000
Iran,IRN,1987,7000
Iran,IRN,1988,6500
Iran,IRN,1989,6500
Iran,IRN,1990,6500
Iran,IRN,1991,18000
Iran,IRN,1992,18300
Iran,IRN,1993,18500
Iran,IRN,1994,19200
Iran,IRN,1995,19800
Iran,IRN,1996,20000
Iran,IRN,1997,27000
Iran,IRN,1998,35000
Iran,IRN,1999,28793
Iran,IRN,2000,29733
Iran,IRN,2001,27871
Iran,IRN,2002,28288
Iran,IRN,2003,26511
Iran,IRN,2004,26000
Iran,IRN,2005,19000
Iran,IRN,2006,27000
Iran,IRN,2007,30000
Iran,IRN,2008,27608
Iran,IRN,2009,27890
Iran,IRN,2010,28899
Iran,IRN,2011,27000
Iran,IRN,2012,26000
Iran,IRN,2013,24000
Iran,IRN,2014,18964
Iran,IRN,2015,22500
Iran,IRN,2016,23970
Iran,IRN,2017,32752
Iran,IRN,2018,24793
Iran,IRN,2019,26727
Iran,IRN,2020,20653
Iran,IRN,2021,25960
Iraq,IRQ,1961,32000
Iraq,IRQ,1962,32000
Iraq,IRQ,1963,32000
Iraq,IRQ,1964,32000
Iraq,IRQ,1965,32200
Iraq,IRQ,1966,33000
Iraq,IRQ,1967,32500
Iraq,IRQ,1968,36000
Iraq,IRQ,1969,37000
Iraq,IRQ,1970,39000
Iraq,IRQ,1971,38000
Iraq,IRQ,1972,36500
Iraq,IRQ,1973,35000
Iraq,IRQ,1974,33000
Iraq,IRQ,1975,31000
Iraq,IRQ,1976,30000
Iraq,IRQ,1977,27000
Iraq,IRQ,1978,22000
Iraq,IRQ,1979,16000
Iraq,IRQ,1980,16000
Iraq,IRQ,1981,16900
Iraq,IRQ,1982,18000
Iraq,IRQ,1983,18000
Iraq,IRQ,1984,16000
Iraq,IRQ,1985,12000
Iraq,IRQ,1986,9000
Iraq,IRQ,1987,10000
Iraq,IRQ,1988,11000
Iraq,IRQ,1989,12500
Iraq,IRQ,1990,13000
Iraq,IRQ,1991,3000
Iraq,IRQ,1992,2200
Iraq,IRQ,1993,1760
Iraq,IRQ,1994,1410
Iraq,IRQ,1995,1190
Iraq,IRQ,1996,1100
Iraq,IRQ,1997,1430
Iraq,IRQ,1998,1760
Iraq,IRQ,1999,1870
Iraq,IRQ,2000,1980
Iraq,IRQ,2001,1760
Iraq,IRQ,2002,4500
Iraq,IRQ,2003,5000
Iraq,IRQ,2004,3613
Iraq,IRQ,2005,11000
Iraq,IRQ,2006,11000
Iraq,IRQ,2007,5000
Iraq,IRQ,2008,8327
Iraq,IRQ,2009,9143
Iraq,IRQ,2010,8571
Iraq,IRQ,2011,9000
Iraq,IRQ,2012,9400
Iraq,IRQ,2013,9022
Iraq,IRQ,2014,6003
Iraq,IRQ,2015,4512
Iraq,IRQ,2016,7542
Iraq,IRQ,2017,8778
Iraq,IRQ,2018,9480
Iraq,IRQ,2019,10238
Iraq,IRQ,2020,11056
Iraq,IRQ,2021,11940
Israel,ISR,1961,2344
Israel,ISR,1962,2188
Israel,ISR,1963,1875
Israel,ISR,1964,1563
Israel,ISR,1965,1719
Israel,ISR,1966,1875
Israel,ISR,1967,1875
Israel,ISR,1968,1875
Israel,ISR,1969,1875
Israel,ISR,1970,1875
Israel,ISR,1971,1875
Israel,ISR,1972,1750
Israel,ISR,1973,1781
Israel,ISR,1974,1750
Israel,ISR,1975,1781
Israel,ISR,1976,1781
Israel,ISR,1977,1750
Israel,ISR,1978,1563
Israel,ISR,1979,1375
Israel,ISR,1980,1125
Israel,ISR,1981,938
Israel,ISR,1982,813
Israel,ISR,1983,687
Israel,ISR,1984,625
Israel,ISR,1985,625
Israel,ISR,1986,625
Israel,ISR,1987,469
Israel,ISR,1988,469
Israel,ISR,1989,469
Israel,ISR,1990,469
Israel,ISR,1991,469
Israel,ISR,1992,469
Israel,ISR,1993,469
Israel,ISR,1994,469
Israel,ISR,1995,469
Israel,ISR,1996,469
Israel,ISR,1997,469
Israel,ISR,1998,500
Israel,ISR,1999,500
Israel,ISR,2000,500
Israel,ISR,2001,500
Israel,ISR,2002,500
Israel,ISR,2003,500
Israel,ISR,2004,500
Israel,ISR,2005,500
Israel,ISR,2006,500
Israel,ISR,2007,500
Israel,ISR,2008,500
Israel,ISR,2009,500
Israel,ISR,2010,500
Israel,ISR,2011,550
Israel,ISR,2012,537
Israel,ISR,2013,532
Israel,ISR,2014,530
Israel,ISR,2015,532
Israel,ISR,2016,534
Israel,ISR,2017,536
Israel,ISR,2018,541
Israel,ISR,2019,543
Israel,ISR,2020,546
Israel,ISR,2021,549
Jordan,JOR,1961,6200
Jordan,JOR,1962,5850
Jordan,JOR,1963,3700
Jordan,JOR,1964,3800
Jordan,JOR,1965,5700
Jordan,JOR,1966,5000
Jordan,JOR,1967,3200
Jordan,JOR,1968,4100
Jordan,JOR,1969,4000
Jordan,JOR,1970,4300
Jordan,JOR,1971,6400
Jordan,JOR,1972,9940
Jordan,JOR,1973,9300
Jordan,JOR,1974,5300
Jordan,JOR,1975,4900
Jordan,JOR,1976,5250
Jordan,JOR,1977,6750
Jordan,JOR,1978,3750
Jordan,JOR,1979,4100
Jordan,JOR,1980,5400
Jordan,JOR,1981,6750
Jordan,JOR,1982,2900
Jordan,JOR,1983,1820
Jordan,JOR,1984,1610
Jordan,JOR,1985,3540
Jordan,JOR,1986,1455
Jordan,JOR,1987,1560
Jordan,JOR,1988,1643
Jordan,JOR,1989,3398
Jordan,JOR,1990,2600
Jordan,JOR,1991,1900
Jordan,JOR,1992,1500
Jordan,JOR,1993,1500
Jordan,JOR,1994,1000
Jordan,JOR,1995,1000
Jordan,JOR,1996,1800
Jordan,JOR,1997,1400
Jordan,JOR,1998,1650
Jordan,JOR,1999,1800
Jordan,JOR,2000,1900
Jordan,JOR,2001,1900
Jordan,JOR,2002,1900
Jordan,JOR,2003,2200
Jordan,JOR,2004,2200
Jordan,JOR,2005,2200
Jordan,JOR,2006,2500
Jordan,JOR,2007,2300
Jordan,JOR,2008,2300
Jordan,JOR,2009,3700
Jordan,JOR,2010,2917
Jordan,JOR,2011,2917
Jordan,JOR,2012,2917
Jordan,JOR,2013,4698
Jordan,JOR,2014,4816
Jordan,JOR,2015,4946
Jordan,JOR,2016,5559
Jordan,JOR,2017,5863
Jordan,JOR,2018,5311
Jordan,JOR,2019,5435
Jordan,JOR,2020,5545
Jordan,JOR,2021,5547
Kazakhstan,KAZ,1992,23800
Kazakhstan,KAZ,1993,25700
Kazakhstan,KAZ,1994,29400
Kazakhstan,KAZ,1995,19700
Kazakhstan,KAZ,1996,28200
Kazakhstan,KAZ,1997,33200
Kazakhstan,KAZ,1998,31200
Kazakhstan,KAZ,1999,30100
Kazakhstan,KAZ,2000,19100
Kazakhstan,KAZ,2001,19600
Kazakhstan,KAZ,2002,18900
Kazakhstan,KAZ,2003,21800
Kazakhstan,KAZ,2004,23300
Kazakhstan,KAZ,2005,23500
Kazakhstan,KAZ,2006,23600
Kazakhstan,KAZ,2007,25700
Kazakhstan,KAZ,2008,26200
Kazakhstan,KAZ,2009,25982
Kazakhstan,KAZ,2010,26863
Kazakhstan,KAZ,2011,27758
Kazakhstan,KAZ,2012,26988
Kazakhstan,KAZ,2013,27942
Kazakhstan,KAZ,2014,27942
Kazakhstan,KAZ,2015,26297
Kazakhstan,KAZ,2016,27648
Kazakhstan,KAZ,2017,28161
Kazakhstan,KAZ,2018,28134
Kazakhstan,KAZ,2019,28798
Kazakhstan,KAZ,2020,30689
Kazakhstan,KAZ,2021,32502
Kenya,KEN,1961,24500
Kenya,KEN,1962,25200
Kenya,KEN,1963,26600
Kenya,KEN,1964,28000
Kenya,KEN,1965,29400
Kenya,KEN,1966,30800
Kenya,KEN,1967,32200
Kenya,KEN,1968,33600
Kenya,KEN,1969,36100
Kenya,KEN,1970,34700
Kenya,KEN,1971,35700
Kenya,KEN,1972,36400
Kenya,KEN,1973,37100
Kenya,KEN,1974,38500
Kenya,KEN,1975,39200
Kenya,KEN,1976,40600
Kenya,KEN,1977,42000
Kenya,KEN,1978,45000
Kenya,KEN,1979,45000
Kenya,KEN,1980,45000
Kenya,KEN,1981,45600
Kenya,KEN,1982,47300
Kenya,KEN,1983,52700
Kenya,KEN,1984,60016
Kenya,KEN,1985,63000
Kenya,KEN,1986,65000
Kenya,KEN,1987,63000
Kenya,KEN,1988,64000
Kenya,KEN,1989,66000
Kenya,KEN,1990,68000
Kenya,KEN,1991,64000
Kenya,KEN,1992,60000
Kenya,KEN,1993,58000
Kenya,KEN,1994,61000
Kenya,KEN,1995,63000
Kenya,KEN,1996,64000
Kenya,KEN,1997,63000
Kenya,KEN,1998,64000
Kenya,KEN,1999,65000
Kenya,KEN,2000,50200
Kenya,KEN,2001,57500
Kenya,KEN,2002,59200
Kenya,KEN,2003,62500
Kenya,KEN,2004,83600
Kenya,KEN,2005,65200
Kenya,KEN,2006,74000
Kenya,KEN,2007,220000
Kenya,KEN,2008,248500
Kenya,KEN,2009,208000
Kenya,KEN,2010,215000
Kenya,KEN,2011,215000
Kenya,KEN,2012,215000
Kenya,KEN,2013,217000
Kenya,KEN,2014,199378
Kenya,KEN,2015,218767
Kenya,KEN,2016,205153
Kenya,KEN,2017,196350
Kenya,KEN,2018,183542
Kenya,KEN,2019,250906
Kenya,KEN,2020,204666
Kenya,KEN,2021,130431
Kuwait,KWT,1961,4000
Kuwait,KWT,1962,4000
Kuwait,KWT,1963,4000
Kuwait,KWT,1964,3000
Kuwait,KWT,1965,3500
Kuwait,KWT,1966,3000
Kuwait,KWT,1967,3276
Kuwait,KWT,1968,2811
Kuwait,KWT,1969,3048
Kuwait,KWT,1970,2448
Kuwait,KWT,1971,2683
Kuwait,KWT,1972,3920
Kuwait,KWT,1973,4426
Kuwait,KWT,1974,3044
Kuwait,KWT,1975,898
Kuwait,KWT,1976,887
Kuwait,KWT,1977,678
Kuwait,KWT,1978,648
Kuwait,KWT,1979,838
Kuwait,KWT,1980,840
Kuwait,KWT,1981,840
Kuwait,KWT,1982,850
Kuwait,KWT,1983,880
Kuwait,KWT,1984,782
Kuwait,KWT,1985,958
Kuwait,KWT,1986,799
Kuwait,KWT,1987,800
Kuwait,KWT,1988,820
Kuwait,KWT,1989,830
Kuwait,KWT,1990,475
Kuwait,KWT,1991,305
Kuwait,KWT,1992,137
Kuwait,KWT,1993,170
Kuwait,KWT,1994,335
Kuwait,KWT,1995,960
Kuwait,KWT,1996,980
Kuwait,KWT,1997,1103
Kuwait,KWT,1998,1509
Kuwait,KWT,1999,829
Kuwait,KWT,2000,1343
Kuwait,KWT,2001,1600
Kuwait,KWT,2002,1930
Kuwait,KWT,2003,2600
Kuwait,KWT,2004,1000
Kuwait,KWT,2005,600
Kuwait,KWT,2006,1000
Kuwait,KWT,2007,3500
Kuwait,KWT,2008,3000
Kuwait,KWT,2009,6000
Kuwait,KWT,2010,6000
Kuwait,KWT,2011,6000
Kuwait,KWT,2012,3496
Kuwait,KWT,2013,3344
Kuwait,KWT,2014,4661
Kuwait,KWT,2015,4025
Kuwait,KWT,2016,5163
Kuwait,KWT,2017,4240
Kuwait,KWT,2018,5520
Kuwait,KWT,2019,8043
Kuwait,KWT,2020,5934
Kuwait,KWT,2021,6499
Land Locked Developing Countries (FAO),,1961,93400
Land Locked Developing Countries (FAO),,1962,103593
Land Locked Developing Countries (FAO),,1963,103152
Land Locked Developing Countries (FAO),,1964,107200
Land Locked Developing Countries (FAO),,1965,112200
Land Locked Developing Countries (FAO),,1966,114200
Land Locked Developing Countries (FAO),,1967,112200
Land Locked Developing Countries (FAO),,1968,115200
Land Locked Developing Countries (FAO),,1969,111200
Land Locked Developing Countries (FAO),,1970,110200
Land Locked Developing Countries (FAO),,1971,107400
Land Locked Developing Countries (FAO),,1972,114900
Land Locked Developing Countries (FAO),,1973,117900
Land Locked Developing Countries (FAO),,1974,119400
Land Locked Developing Countries (FAO),,1975,113800
Land Locked Developing Countries (FAO),,1976,113400
Land Locked Developing Countries (FAO),,1977,121800
Land Locked Developing Countries (FAO),,1978,136240
Land Locked Developing Countries (FAO),,1979,126210
Land Locked Developing Countries (FAO),,1980,138820
Land Locked Developing Countries (FAO),,1981,142570
Land Locked Developing Countries (FAO),,1982,141100
Land Locked Developing Countries (FAO),,1983,145900
Land Locked Developing Countries (FAO),,1984,138200
Land Locked Developing Countries (FAO),,1985,131733
Land Locked Developing Countries (FAO),,1986,126284
Land Locked Developing Countries (FAO),,1987,128200
Land Locked Developing Countries (FAO),,1988,126400
Land Locked Developing Countries (FAO),,1989,136663
Land Locked Developing Countries (FAO),,1990,148810
Land Locked Developing Countries (FAO),,1991,163059
Land Locked Developing Countries (FAO),,1992,206808
Land Locked Developing Countries (FAO),,1993,216545
Land Locked Developing Countries (FAO),,1994,192225
Land Locked Developing Countries (FAO),,1995,201271
Land Locked Developing Countries (FAO),,1996,222078
Land Locked Developing Countries (FAO),,1997,229947
Land Locked Developing Countries (FAO),,1998,228380
Land Locked Developing Countries (FAO),,1999,237262
Land Locked Developing Countries (FAO),,2000,180786
Land Locked Developing Countries (FAO),,2001,193149
Land Locked Developing Countries (FAO),,2002,181315
Land Locked Developing Countries (FAO),,2003,188115
Land Locked Developing Countries (FAO),,2004,197351
Land Locked Developing Countries (FAO),,2005,195397
Land Locked Developing Countries (FAO),,2006,189562
Land Locked Developing Countries (FAO),,2007,215557
Land Locked Developing Countries (FAO),,2008,291894
Land Locked Developing Countries (FAO),,2009,251652
Land Locked Developing Countries (FAO),,2010,311236
Land Locked Developing Countries (FAO),,2011,301265
Land Locked Developing Countries (FAO),,2012,303242
Land Locked Developing Countries (FAO),,2013,309759
Land Locked Developing Countries (FAO),,2014,292274
Land Locked Developing Countries (FAO),,2015,295836
Land Locked Developing Countries (FAO),,2016,295261
Land Locked Developing Countries (FAO),,2017,327662
Land Locked Developing Countries (FAO),,2018,385305
Land Locked Developing Countries (FAO),,2019,452505
Land Locked Developing Countries (FAO),,2020,459277
Land Locked Developing Countries (FAO),,2021,442267
Least Developed Countries (FAO),,1961,280820
Least Developed Countries (FAO),,1962,290345
Least Developed Countries (FAO),,1963,313188
Least Developed Countries (FAO),,1964,306733
Least Developed Countries (FAO),,1965,311110
Least Developed Countries (FAO),,1966,349548
Least Developed Countries (FAO),,1967,359690
Least Developed Countries (FAO),,1968,410733
Least Developed Countries (FAO),,1969,393832
Least Developed Countries (FAO),,1970,398315
Least Developed Countries (FAO),,1971,410295
Least Developed Countries (FAO),,1972,425170
Least Developed Countries (FAO),,1973,414845
Least Developed Countries (FAO),,1974,412085
Least Developed Countries (FAO),,1975,415390
Least Developed Countries (FAO),,1976,416553
Least Developed Countries (FAO),,1977,423118
Least Developed Countries (FAO),,1978,432805
Least Developed Countries (FAO),,1979,435470
Least Developed Countries (FAO),,1980,499240
Least Developed Countries (FAO),,1981,486550
Least Developed Countries (FAO),,1982,481695
Least Developed Countries (FAO),,1983,460255
Least Developed Countries (FAO),,1984,462410
Least Developed Countries (FAO),,1985,469083
Least Developed Countries (FAO),,1986,476389
Least Developed Countries (FAO),,1987,496725
Least Developed Countries (FAO),,1988,511501
Least Developed Countries (FAO),,1989,559241
Least Developed Countries (FAO),,1990,601958
Least Developed Countries (FAO),,1991,588719
Least Developed Countries (FAO),,1992,631448
Least Developed Countries (FAO),,1993,609894
Least Developed Countries (FAO),,1994,663862
Least Developed Countries (FAO),,1995,717693
Least Developed Countries (FAO),,1996,761564
Least Developed Countries (FAO),,1997,791577
Least Developed Countries (FAO),,1998,855160
Least Developed Countries (FAO),,1999,847831
Least Developed Countries (FAO),,2000,848584
Least Developed Countries (FAO),,2001,885061
Least Developed Countries (FAO),,2002,883755
Least Developed Countries (FAO),,2003,939803
Least Developed Countries (FAO),,2004,957730
Least Developed Countries (FAO),,2005,841096
Least Developed Countries (FAO),,2006,999400
Least Developed Countries (FAO),,2007,1050423
Least Developed Countries (FAO),,2008,1174969
Least Developed Countries (FAO),,2009,1165704
Least Developed Countries (FAO),,2010,1247914
Least Developed Countries (FAO),,2011,1284630
Least Developed Countries (FAO),,2012,1187304
Least Developed Countries (FAO),,2013,1192015
Least Developed Countries (FAO),,2014,1191249
Least Developed Countries (FAO),,2015,1192082
Least Developed Countries (FAO),,2016,1197979
Least Developed Countries (FAO),,2017,1230026
Least Developed Countries (FAO),,2018,1274950
Least Developed Countries (FAO),,2019,1293214
Least Developed Countries (FAO),,2020,1270710
Least Developed Countries (FAO),,2021,1276864
Libya,LBY,1961,19895
Libya,LBY,1962,23196
Libya,LBY,1963,24713
Libya,LBY,1964,31795
Libya,LBY,1965,54732
Libya,LBY,1966,59216
Libya,LBY,1967,49090
Libya,LBY,1968,47956
Libya,LBY,1969,52583
Libya,LBY,1970,56603
Libya,LBY,1971,48283
Libya,LBY,1972,51227
Libya,LBY,1973,55653
Libya,LBY,1974,45700
Libya,LBY,1975,22000
Libya,LBY,1976,27963
Libya,LBY,1977,31497
Libya,LBY,1978,24609
Libya,LBY,1979,33177
Libya,LBY,1980,40000
Libya,LBY,1981,35000
Libya,LBY,1982,40000
Libya,LBY,1983,45000
Libya,LBY,1984,45000
Libya,LBY,1985,42000
Libya,LBY,1986,38000
Libya,LBY,1987,30000
Libya,LBY,1988,35000
Libya,LBY,1989,40000
Libya,LBY,1990,50000
Libya,LBY,1991,53000
Libya,LBY,1992,50000
Libya,LBY,1993,38000
Libya,LBY,1994,33400
Libya,LBY,1995,37350
Libya,LBY,1996,38950
Libya,LBY,1997,20500
Libya,LBY,1998,11000
Libya,LBY,1999,12000
Libya,LBY,2000,13000
Libya,LBY,2001,13000
Libya,LBY,2002,13500
Libya,LBY,2003,14000
Libya,LBY,2004,14500
Libya,LBY,2005,15000
Libya,LBY,2006,15500
Libya,LBY,2007,16100
Libya,LBY,2008,16750
Libya,LBY,2009,17000
Libya,LBY,2010,17350
Libya,LBY,2011,17500
Libya,LBY,2012,17900
Libya,LBY,2013,17421
Libya,LBY,2014,16924
Libya,LBY,2015,16970
Libya,LBY,2016,16671
Libya,LBY,2017,16324
Libya,LBY,2018,17041
Libya,LBY,2019,17391
Libya,LBY,2020,17783
Libya,LBY,2021,18283
Low Income Food Deficit Countries (FAO),,1961,306720
Low Income Food Deficit Countries (FAO),,1962,316845
Low Income Food Deficit Countries (FAO),,1963,340988
Low Income Food Deficit Countries (FAO),,1964,335933
Low Income Food Deficit Countries (FAO),,1965,341380
Low Income Food Deficit Countries (FAO),,1966,381148
Low Income Food Deficit Countries (FAO),,1967,392990
Low Income Food Deficit Countries (FAO),,1968,445683
Low Income Food Deficit Countries (FAO),,1969,431232
Low Income Food Deficit Countries (FAO),,1970,434115
Low Income Food Deficit Countries (FAO),,1971,446995
Low Income Food Deficit Countries (FAO),,1972,462570
Low Income Food Deficit Countries (FAO),,1973,452595
Low Income Food Deficit Countries (FAO),,1974,451685
Low Income Food Deficit Countries (FAO),,1975,455440
Low Income Food Deficit Countries (FAO),,1976,458153
Low Income Food Deficit Countries (FAO),,1977,466318
Low Income Food Deficit Countries (FAO),,1978,479205
Low Income Food Deficit Countries (FAO),,1979,482070
Low Income Food Deficit Countries (FAO),,1980,545690
Low Income Food Deficit Countries (FAO),,1981,533650
Low Income Food Deficit Countries (FAO),,1982,530295
Low Income Food Deficit Countries (FAO),,1983,514755
Low Income Food Deficit Countries (FAO),,1984,524215
Low Income Food Deficit Countries (FAO),,1985,533855
Low Income Food Deficit Countries (FAO),,1986,542601
Low Income Food Deficit Countries (FAO),,1987,560363
Low Income Food Deficit Countries (FAO),,1988,576076
Low Income Food Deficit Countries (FAO),,1989,625721
Low Income Food Deficit Countries (FAO),,1990,670741
Low Income Food Deficit Countries (FAO),,1991,653619
Low Income Food Deficit Countries (FAO),,1992,695703
Low Income Food Deficit Countries (FAO),,1993,672120
Low Income Food Deficit Countries (FAO),,1994,729360
Low Income Food Deficit Countries (FAO),,1995,785276
Low Income Food Deficit Countries (FAO),,1996,830143
Low Income Food Deficit Countries (FAO),,1997,858762
Low Income Food Deficit Countries (FAO),,1998,923060
Low Income Food Deficit Countries (FAO),,1999,917031
Low Income Food Deficit Countries (FAO),,2000,903084
Low Income Food Deficit Countries (FAO),,2001,946861
Low Income Food Deficit Countries (FAO),,2002,947455
Low Income Food Deficit Countries (FAO),,2003,1007323
Low Income Food Deficit Countries (FAO),,2004,1046830
Low Income Food Deficit Countries (FAO),,2005,912986
Low Income Food Deficit Countries (FAO),,2006,1081523
Low Income Food Deficit Countries (FAO),,2007,1276923
Low Income Food Deficit Countries (FAO),,2008,1429969
Low Income Food Deficit Countries (FAO),,2009,1379453
Low Income Food Deficit Countries (FAO),,2010,1470914
Low Income Food Deficit Countries (FAO),,2011,1508630
Low Income Food Deficit Countries (FAO),,2012,1411304
Low Income Food Deficit Countries (FAO),,2013,1417853
Low Income Food Deficit Countries (FAO),,2014,1400617
Low Income Food Deficit Countries (FAO),,2015,1421263
Low Income Food Deficit Countries (FAO),,2016,1415200
Low Income Food Deficit Countries (FAO),,2017,1439923
Low Income Food Deficit Countries (FAO),,2018,1475796
Low Income Food Deficit Countries (FAO),,2019,1556849
Low Income Food Deficit Countries (FAO),,2020,1487984
Low Income Food Deficit Countries (FAO),,2021,1419431
Low-income countries,,1961,241238
Low-income countries,,1962,248731
Low-income countries,,1963,270752
Low-income countries,,1964,262100
Low-income countries,,1965,264270
Low-income countries,,1966,301763
Low-income countries,,1967,311625
Low-income countries,,1968,350358
Low-income countries,,1969,338350
Low-income countries,,1970,340550
Low-income countries,,1971,349350
Low-income countries,,1972,360250
Low-income countries,,1973,353550
Low-income countries,,1974,354200
Low-income countries,,1975,359150
Low-income countries,,1976,360463
Low-income countries,,1977,365513
Low-income countries,,1978,373100
Low-income countries,,1979,374980
Low-income countries,,1980,428300
Low-income countries,,1981,415660
Low-income countries,,1982,412300
Low-income countries,,1983,390460
Low-income countries,,1984,390709
Low-income countries,,1985,396365
Low-income countries,,1986,383896
Low-income countries,,1987,401358
Low-income countries,,1988,412551
Low-income countries,,1989,455916
Low-income countries,,1990,494466
Low-income countries,,1991,480744
Low-income countries,,1992,531573
Low-income countries,,1993,527818
Low-income countries,,1994,563987
Low-income countries,,1995,617718
Low-income countries,,1996,661589
Low-income countries,,1997,690617
Low-income countries,,1998,750300
Low-income countries,,1999,755241
Low-income countries,,2000,733935
Low-income countries,,2001,765159
Low-income countries,,2002,758795
Low-income countries,,2003,810134
Low-income countries,,2004,825261
Low-income countries,,2005,704972
Low-income countries,,2006,875160
Low-income countries,,2007,924957
Low-income countries,,2008,1054500
Low-income countries,,2009,1042483
Low-income countries,,2010,1120443
Low-income countries,,2011,1155059
Low-income countries,,2012,1064273
Low-income countries,,2013,1069924
Low-income countries,,2014,1056683
Low-income countries,,2015,1066149
Low-income countries,,2016,1066290
Low-income countries,,2017,1104233
Low-income countries,,2018,1151065
Low-income countries,,2019,1173710
Low-income countries,,2020,1153790
Low-income countries,,2021,1162997
Lower-middle-income countries,,1961,224982
Lower-middle-income countries,,1962,234614
Lower-middle-income countries,,1963,228636
Lower-middle-income countries,,1964,242323
Lower-middle-income countries,,1965,248530
Lower-middle-income countries,,1966,250945
Lower-middle-income countries,,1967,255365
Lower-middle-income countries,,1968,249325
Lower-middle-income countries,,1969,244882
Lower-middle-income countries,,1970,247565
Lower-middle-income countries,,1971,238586
Lower-middle-income countries,,1972,251734
Lower-middle-income countries,,1973,242841
Lower-middle-income countries,,1974,246817
Lower-middle-income countries,,1975,242340
Lower-middle-income countries,,1976,255160
Lower-middle-income countries,,1977,246418
Lower-middle-income countries,,1978,248479
Lower-middle-income countries,,1979,234989
Lower-middle-income countries,,1980,240390
Lower-middle-income countries,,1981,241340
Lower-middle-income countries,,1982,306095
Lower-middle-income countries,,1983,311825
Lower-middle-income countries,,1984,347266
Lower-middle-income countries,,1985,341990
Lower-middle-income countries,,1986,323705
Lower-middle-income countries,,1987,290205
Lower-middle-income countries,,1988,319620
Lower-middle-income countries,,1989,337490
Lower-middle-income countries,,1990,345991
Lower-middle-income countries,,1991,409692
Lower-middle-income countries,,1992,398577
Lower-middle-income countries,,1993,324541
Lower-middle-income countries,,1994,332895
Lower-middle-income countries,,1995,339306
Lower-middle-income countries,,1996,371078
Lower-middle-income countries,,1997,371260
Lower-middle-income countries,,1998,396319
Lower-middle-income countries,,1999,375084
Lower-middle-income countries,,2000,403623
Lower-middle-income countries,,2001,417866
Lower-middle-income countries,,2002,401826
Lower-middle-income countries,,2003,405384
Lower-middle-income countries,,2004,444674
Lower-middle-income countries,,2005,429659
Lower-middle-income countries,,2006,441278
Lower-middle-income countries,,2007,530994
Lower-middle-income countries,,2008,543568
Lower-middle-income countries,,2009,516906
Lower-middle-income countries,,2010,538548
Lower-middle-income countries,,2011,562352
Lower-middle-income countries,,2012,541055
Lower-middle-income countries,,2013,590583
Lower-middle-income countries,,2014,590818
Lower-middle-income countries,,2015,622628
Lower-middle-income countries,,2016,625537
Lower-middle-income countries,,2017,609172
Lower-middle-income countries,,2018,536939
Lower-middle-income countries,,2019,660675
Lower-middle-income countries,,2020,616252
Lower-middle-income countries,,2021,531578
Mali,MLI,1961,16000
Mali,MLI,1962,16000
Mali,MLI,1963,17000
Mali,MLI,1964,17000
Mali,MLI,1965,21000
Mali,MLI,1966,22000
Mali,MLI,1967,22000
Mali,MLI,1968,23000
Mali,MLI,1969,21000
Mali,MLI,1970,21000
Mali,MLI,1971,21000
Mali,MLI,1972,18000
Mali,MLI,1973,16000
Mali,MLI,1974,17000
Mali,MLI,1975,18000
Mali,MLI,1976,19000
Mali,MLI,1977,20000
Mali,MLI,1978,22040
Mali,MLI,1979,21910
Mali,MLI,1980,23120
Mali,MLI,1981,23670
Mali,MLI,1982,23900
Mali,MLI,1983,21700
Mali,MLI,1984,22000
Mali,MLI,1985,23000
Mali,MLI,1986,24000
Mali,MLI,1987,22500
Mali,MLI,1988,23000
Mali,MLI,1989,20000
Mali,MLI,1990,24100
Mali,MLI,1991,1800
Mali,MLI,1992,1614
Mali,MLI,1993,1659
Mali,MLI,1994,1710
Mali,MLI,1995,1764
Mali,MLI,1996,1823
Mali,MLI,1997,1884
Mali,MLI,1998,1947
Mali,MLI,1999,2011
Mali,MLI,2000,2079
Mali,MLI,2001,1934
Mali,MLI,2002,2369
Mali,MLI,2003,2434
Mali,MLI,2004,2486
Mali,MLI,2005,2521
Mali,MLI,2006,1808
Mali,MLI,2007,1808
Mali,MLI,2008,1810
Mali,MLI,2009,661
Mali,MLI,2010,1146
Mali,MLI,2011,1817
Mali,MLI,2012,560
Mali,MLI,2013,274
Mali,MLI,2014,564
Mali,MLI,2015,967
Mali,MLI,2016,1475
Mali,MLI,2017,1404
Mali,MLI,2018,1013
Mali,MLI,2019,1642
Mali,MLI,2020,2746
Mali,MLI,2021,9044
Mauritania,MRT,1961,39500
Mauritania,MRT,1962,41300
Mauritania,MRT,1963,42100
Mauritania,MRT,1964,43900
Mauritania,MRT,1965,45700
Mauritania,MRT,1966,46500
Mauritania,MRT,1967,47400
Mauritania,MRT,1968,60000
Mauritania,MRT,1969,55000
Mauritania,MRT,1970,57000
Mauritania,MRT,1971,60000
Mauritania,MRT,1972,64000
Mauritania,MRT,1973,60000
Mauritania,MRT,1974,57000
Mauritania,MRT,1975,55000
Mauritania,MRT,1976,55000
Mauritania,MRT,1977,56000
Mauritania,MRT,1978,58000
Mauritania,MRT,1979,59000
Mauritania,MRT,1980,69300
Mauritania,MRT,1981,69300
Mauritania,MRT,1982,67500
Mauritania,MRT,1983,68400
Mauritania,MRT,1984,70200
Mauritania,MRT,1985,71100
Mauritania,MRT,1986,90200
Mauritania,MRT,1987,92400
Mauritania,MRT,1988,95700
Mauritania,MRT,1989,100100
Mauritania,MRT,1990,104500
Mauritania,MRT,1991,105000
Mauritania,MRT,1992,97000
Mauritania,MRT,1993,79000
Mauritania,MRT,1994,97000
Mauritania,MRT,1995,97000
Mauritania,MRT,1996,97000
Mauritania,MRT,1997,98000
Mauritania,MRT,1998,102000
Mauritania,MRT,1999,90000
Mauritania,MRT,2000,112000
Mauritania,MRT,2001,117000
Mauritania,MRT,2002,122000
Mauritania,MRT,2003,127000
Mauritania,MRT,2004,130000
Mauritania,MRT,2005,134000
Mauritania,MRT,2006,125000
Mauritania,MRT,2007,125000
Mauritania,MRT,2008,120000
Mauritania,MRT,2009,122000
Mauritania,MRT,2010,128000
Mauritania,MRT,2011,130500
Mauritania,MRT,2012,123878
Mauritania,MRT,2013,122781
Mauritania,MRT,2014,135855
Mauritania,MRT,2015,126826
Mauritania,MRT,2016,132042
Mauritania,MRT,2017,125636
Mauritania,MRT,2018,123472
Mauritania,MRT,2019,118838
Mauritania,MRT,2020,116219
Mauritania,MRT,2021,112784
Middle Africa (FAO),,1961,1000
Middle Africa (FAO),,1962,1000
Middle Africa (FAO),,1963,2000
Middle Africa (FAO),,1964,2000
Middle Africa (FAO),,1965,2000
Middle Africa (FAO),,1966,2000
Middle Africa (FAO),,1967,2000
Middle Africa (FAO),,1968,2000
Middle Africa (FAO),,1969,2000
Middle Africa (FAO),,1970,2000
Middle Africa (FAO),,1971,2000
Middle Africa (FAO),,1972,2500
Middle Africa (FAO),,1973,2500
Middle Africa (FAO),,1974,3000
Middle Africa (FAO),,1975,3000
Middle Africa (FAO),,1976,3000
Middle Africa (FAO),,1977,3000
Middle Africa (FAO),,1978,3000
Middle Africa (FAO),,1979,3000
Middle Africa (FAO),,1980,3000
Middle Africa (FAO),,1981,3200
Middle Africa (FAO),,1982,3500
Middle Africa (FAO),,1983,4000
Middle Africa (FAO),,1984,4000
Middle Africa (FAO),,1985,3533
Middle Africa (FAO),,1986,3484
Middle Africa (FAO),,1987,3800
Middle Africa (FAO),,1988,3900
Middle Africa (FAO),,1989,5163
Middle Africa (FAO),,1990,5235
Middle Africa (FAO),,1991,5667
Middle Africa (FAO),,1992,6131
Middle Africa (FAO),,1993,6635
Middle Africa (FAO),,1994,7173
Middle Africa (FAO),,1995,7759
Middle Africa (FAO),,1996,8389
Middle Africa (FAO),,1997,9070
Middle Africa (FAO),,1998,9802
Middle Africa (FAO),,1999,10592
Middle Africa (FAO),,2000,11442
Middle Africa (FAO),,2001,12358
Middle Africa (FAO),,2002,13347
Middle Africa (FAO),,2003,14410
Middle Africa (FAO),,2004,15560
Middle Africa (FAO),,2005,16794
Middle Africa (FAO),,2006,18124
Middle Africa (FAO),,2007,19559
Middle Africa (FAO),,2008,21105
Middle Africa (FAO),,2009,22766
Middle Africa (FAO),,2010,24556
Middle Africa (FAO),,2011,26483
Middle Africa (FAO),,2012,28556
Middle Africa (FAO),,2013,30790
Middle Africa (FAO),,2014,33189
Middle Africa (FAO),,2015,30064
Middle Africa (FAO),,2016,27126
Middle Africa (FAO),,2017,36450
Middle Africa (FAO),,2018,36564
Middle Africa (FAO),,2019,38916
Middle Africa (FAO),,2020,41643
Middle Africa (FAO),,2021,44562
Mongolia,MNG,1961,50000
Mongolia,MNG,1962,55000
Mongolia,MNG,1963,46000
Mongolia,MNG,1964,50000
Mongolia,MNG,1965,51000
Mongolia,MNG,1966,50000
Mongolia,MNG,1967,46000
Mongolia,MNG,1968,46000
Mongolia,MNG,1969,40000
Mongolia,MNG,1970,35000
Mongolia,MNG,1971,33000
Mongolia,MNG,1972,35000
Mongolia,MNG,1973,41000
Mongolia,MNG,1974,41000
Mongolia,MNG,1975,41000
Mongolia,MNG,1976,39600
Mongolia,MNG,1977,46000
Mongolia,MNG,1978,48000
Mongolia,MNG,1979,42000
Mongolia,MNG,1980,40000
Mongolia,MNG,1981,38000
Mongolia,MNG,1982,34000
Mongolia,MNG,1983,37000
Mongolia,MNG,1984,36000
Mongolia,MNG,1985,37000
Mongolia,MNG,1986,36600
Mongolia,MNG,1987,36700
Mongolia,MNG,1988,32300
Mongolia,MNG,1989,41300
Mongolia,MNG,1990,47500
Mongolia,MNG,1991,93600
Mongolia,MNG,1992,84100
Mongolia,MNG,1993,59300
Mongolia,MNG,1994,28600
Mongolia,MNG,1995,31600
Mongolia,MNG,1996,38300
Mongolia,MNG,1997,35800
Mongolia,MNG,1998,30800
Mongolia,MNG,1999,31900
Mongolia,MNG,2000,47100
Mongolia,MNG,2001,45400
Mongolia,MNG,2002,31800
Mongolia,MNG,2003,20700
Mongolia,MNG,2004,33300
Mongolia,MNG,2005,33400
Mongolia,MNG,2006,29600
Mongolia,MNG,2007,25700
Mongolia,MNG,2008,32100
Mongolia,MNG,2009,26779
Mongolia,MNG,2010,26870
Mongolia,MNG,2011,29448
Mongolia,MNG,2012,25181
Mongolia,MNG,2013,29731
Mongolia,MNG,2014,32887
Mongolia,MNG,2015,34430
Mongolia,MNG,2016,36677
Mongolia,MNG,2017,33400
Mongolia,MNG,2018,45329
Mongolia,MNG,2019,58911
Mongolia,MNG,2020,80998
Mongolia,MNG,2021,61568
Morocco,MAR,1961,23500
Morocco,MAR,1962,21500
Morocco,MAR,1963,21400
Morocco,MAR,1964,22500
Morocco,MAR,1965,21500
Morocco,MAR,1966,17000
Morocco,MAR,1967,17000
Morocco,MAR,1968,21000
Morocco,MAR,1969,22000
Morocco,MAR,1970,27000
Morocco,MAR,1971,31554
Morocco,MAR,1972,26666
Morocco,MAR,1973,21875
Morocco,MAR,1974,26666
Morocco,MAR,1975,27000
Morocco,MAR,1976,24000
Morocco,MAR,1977,15734
Morocco,MAR,1978,16528
Morocco,MAR,1979,13000
Morocco,MAR,1980,13000
Morocco,MAR,1981,10954
Morocco,MAR,1982,25900
Morocco,MAR,1983,15230
Morocco,MAR,1984,14060
Morocco,MAR,1985,11000
Morocco,MAR,1986,11000
Morocco,MAR,1987,14000
Morocco,MAR,1988,12240
Morocco,MAR,1989,12000
Morocco,MAR,1990,13500
Morocco,MAR,1991,12000
Morocco,MAR,1992,13000
Morocco,MAR,1993,12410
Morocco,MAR,1994,13500
Morocco,MAR,1995,14000
Morocco,MAR,1996,11800
Morocco,MAR,1997,14600
Morocco,MAR,1998,12500
Morocco,MAR,1999,11800
Morocco,MAR,2000,11800
Morocco,MAR,2001,12500
Morocco,MAR,2002,13300
Morocco,MAR,2003,14000
Morocco,MAR,2004,14000
Morocco,MAR,2005,14800
Morocco,MAR,2006,17291
Morocco,MAR,2007,14600
Morocco,MAR,2008,16000
Morocco,MAR,2009,17500
Morocco,MAR,2010,16900
Morocco,MAR,2011,17300
Morocco,MAR,2012,17600
Morocco,MAR,2013,17900
Morocco,MAR,2014,16747
Morocco,MAR,2015,15913
Morocco,MAR,2016,13300
Morocco,MAR,2017,13150
Morocco,MAR,2018,15110
Morocco,MAR,2019,16060
Morocco,MAR,2020,15791
Morocco,MAR,2021,15737
Net Food Importing Developing Countries (FAO),,1961,442020
Net Food Importing Developing Countries (FAO),,1962,458895
Net Food Importing Developing Countries (FAO),,1963,475888
Net Food Importing Developing Countries (FAO),,1964,481023
Net Food Importing Developing Countries (FAO),,1965,492630
Net Food Importing Developing Countries (FAO),,1966,530908
Net Food Importing Developing Countries (FAO),,1967,544090
Net Food Importing Developing Countries (FAO),,1968,577433
Net Food Importing Developing Countries (FAO),,1969,562932
Net Food Importing Developing Countries (FAO),,1970,568315
Net Food Importing Developing Countries (FAO),,1971,579949
Net Food Importing Developing Countries (FAO),,1972,605176
Net Food Importing Developing Countries (FAO),,1973,589190
Net Food Importing Developing Countries (FAO),,1974,589811
Net Food Importing Developing Countries (FAO),,1975,587490
Net Food Importing Developing Countries (FAO),,1976,604873
Net Food Importing Developing Countries (FAO),,1977,602231
Net Food Importing Developing Countries (FAO),,1978,610483
Net Food Importing Developing Countries (FAO),,1979,596405
Net Food Importing Developing Countries (FAO),,1980,656640
Net Food Importing Developing Countries (FAO),,1981,646250
Net Food Importing Developing Countries (FAO),,1982,703995
Net Food Importing Developing Countries (FAO),,1983,687305
Net Food Importing Developing Countries (FAO),,1984,721696
Net Food Importing Developing Countries (FAO),,1985,724623
Net Food Importing Developing Countries (FAO),,1986,691444
Net Food Importing Developing Countries (FAO),,1987,675985
Net Food Importing Developing Countries (FAO),,1988,716739
Net Food Importing Developing Countries (FAO),,1989,779324
Net Food Importing Developing Countries (FAO),,1990,824274
Net Food Importing Developing Countries (FAO),,1991,860936
Net Food Importing Developing Countries (FAO),,1992,897596
Net Food Importing Developing Countries (FAO),,1993,819632
Net Food Importing Developing Countries (FAO),,1994,862684
Net Food Importing Developing Countries (FAO),,1995,921642
Net Food Importing Developing Countries (FAO),,1996,997388
Net Food Importing Developing Countries (FAO),,1997,1019092
Net Food Importing Developing Countries (FAO),,1998,1095869
Net Food Importing Developing Countries (FAO),,1999,1080132
Net Food Importing Developing Countries (FAO),,2000,1081426
Net Food Importing Developing Countries (FAO),,2001,1128754
Net Food Importing Developing Countries (FAO),,2002,1105733
Net Food Importing Developing Countries (FAO),,2003,1162188
Net Food Importing Developing Countries (FAO),,2004,1214635
Net Food Importing Developing Countries (FAO),,2005,1085141
Net Food Importing Developing Countries (FAO),,2006,1255816
Net Food Importing Developing Countries (FAO),,2007,1393750
Net Food Importing Developing Countries (FAO),,2008,1536261
Net Food Importing Developing Countries (FAO),,2009,1499450
Net Food Importing Developing Countries (FAO),,2010,1593009
Net Food Importing Developing Countries (FAO),,2011,1649728
Net Food Importing Developing Countries (FAO),,2012,1537244
Net Food Importing Developing Countries (FAO),,2013,1595368
Net Food Importing Developing Countries (FAO),,2014,1586032
Net Food Importing Developing Countries (FAO),,2015,1623202
Net Food Importing Developing Countries (FAO),,2016,1621799
Net Food Importing Developing Countries (FAO),,2017,1632976
Net Food Importing Developing Countries (FAO),,2018,1607358
Net Food Importing Developing Countries (FAO),,2019,1756365
Net Food Importing Developing Countries (FAO),,2020,1696261
Net Food Importing Developing Countries (FAO),,2021,1614379
Niger,NER,1961,5200
Niger,NER,1962,8000
Niger,NER,1963,9000
Niger,NER,1964,11000
Niger,NER,1965,13000
Niger,NER,1966,15000
Niger,NER,1967,17000
Niger,NER,1968,19000
Niger,NER,1969,23000
Niger,NER,1970,27000
Niger,NER,1971,26000
Niger,NER,1972,34000
Niger,NER,1973,33000
Niger,NER,1974,33000
Niger,NER,1975,26000
Niger,NER,1976,26000
Niger,NER,1977,27000
Niger,NER,1978,32000
Niger,NER,1979,36000
Niger,NER,1980,50000
Niger,NER,1981,55000
Niger,NER,1982,57000
Niger,NER,1983,60000
Niger,NER,1984,53000
Niger,NER,1985,45000
Niger,NER,1986,47000
Niger,NER,1987,49000
Niger,NER,1988,50000
Niger,NER,1989,52000
Niger,NER,1990,53000
Niger,NER,1991,43000
Niger,NER,1992,69000
Niger,NER,1993,72000
Niger,NER,1994,73000
Niger,NER,1995,74000
Niger,NER,1996,75000
Niger,NER,1997,76000
Niger,NER,1998,77000
Niger,NER,1999,78000
Niger,NER,2000,10283
Niger,NER,2001,11852
Niger,NER,2002,11670
Niger,NER,2003,24365
Niger,NER,2004,13997
Niger,NER,2005,15205
Niger,NER,2006,17273
Niger,NER,2007,14009
Niger,NER,2008,15873
Niger,NER,2009,17332
Niger,NER,2010,20442
Niger,NER,2011,26074
Niger,NER,2012,32045
Niger,NER,2013,31627
Niger,NER,2014,32385
Niger,NER,2015,37762
Niger,NER,2016,33932
Niger,NER,2017,37550
Niger,NER,2018,39409
Niger,NER,2019,36129
Niger,NER,2020,40829
Niger,NER,2021,45751
Northern Africa (FAO),,1961,175395
Northern Africa (FAO),,1962,180696
Northern Africa (FAO),,1963,186113
Northern Africa (FAO),,1964,200285
Northern Africa (FAO),,1965,225152
Northern Africa (FAO),,1966,265776
Northern Africa (FAO),,1967,271090
Northern Africa (FAO),,1968,260956
Northern Africa (FAO),,1969,264583
Northern Africa (FAO),,1970,273603
Northern Africa (FAO),,1971,261224
Northern Africa (FAO),,1972,270641
Northern Africa (FAO),,1973,266449
Northern Africa (FAO),,1974,253332
Northern Africa (FAO),,1975,239550
Northern Africa (FAO),,1976,259833
Northern Africa (FAO),,1977,246110
Northern Africa (FAO),,1978,227983
Northern Africa (FAO),,1979,228076
Northern Africa (FAO),,1980,262000
Northern Africa (FAO),,1981,234350
Northern Africa (FAO),,1982,303100
Northern Africa (FAO),,1983,294530
Northern Africa (FAO),,1984,322260
Northern Africa (FAO),,1985,313000
Northern Africa (FAO),,1986,247400
Northern Africa (FAO),,1987,214500
Northern Africa (FAO),,1988,253091
Northern Africa (FAO),,1989,265218
Northern Africa (FAO),,1990,271789
Northern Africa (FAO),,1991,281942
Northern Africa (FAO),,1992,319047
Northern Africa (FAO),,1993,310439
Northern Africa (FAO),,1994,356122
Northern Africa (FAO),,1995,393699
Northern Africa (FAO),,1996,452174
Northern Africa (FAO),,1997,462815
Northern Africa (FAO),,1998,504359
Northern Africa (FAO),,1999,515702
Northern Africa (FAO),,2000,530642
Northern Africa (FAO),,2001,538093
Northern Africa (FAO),,2002,524378
Northern Africa (FAO),,2003,548285
Northern Africa (FAO),,2004,569406
Northern Africa (FAO),,2005,455346
Northern Africa (FAO),,2006,642716
Northern Africa (FAO),,2007,610527
Northern Africa (FAO),,2008,655841
Northern Africa (FAO),,2009,696067
Northern Africa (FAO),,2010,720758
Northern Africa (FAO),,2011,787633
Northern Africa (FAO),,2012,669743
Northern Africa (FAO),,2013,659345
Northern Africa (FAO),,2014,670957
Northern Africa (FAO),,2015,689554
Northern Africa (FAO),,2016,700651
Northern Africa (FAO),,2017,692652
Northern Africa (FAO),,2018,644211
Northern Africa (FAO),,2019,697707
Northern Africa (FAO),,2020,689971
Northern Africa (FAO),,2021,702031
Oman,OMN,1961,2000
Oman,OMN,1962,2000
Oman,OMN,1963,2000
Oman,OMN,1964,2000
Oman,OMN,1965,2000
Oman,OMN,1966,2000
Oman,OMN,1967,2000
Oman,OMN,1968,2000
Oman,OMN,1969,2000
Oman,OMN,1970,2000
Oman,OMN,1971,2000
Oman,OMN,1972,2000
Oman,OMN,1973,2100
Oman,OMN,1974,2100
Oman,OMN,1975,2500
Oman,OMN,1976,3000
Oman,OMN,1977,4000
Oman,OMN,1978,5500
Oman,OMN,1979,6500
Oman,OMN,1980,8000
Oman,OMN,1981,10000
Oman,OMN,1982,12000
Oman,OMN,1983,15000
Oman,OMN,1984,15000
Oman,OMN,1985,15000
Oman,OMN,1986,15500
Oman,OMN,1987,15500
Oman,OMN,1988,16900
Oman,OMN,1989,18000
Oman,OMN,1990,19000
Oman,OMN,1991,20000
Oman,OMN,1992,20500
Oman,OMN,1993,21500
Oman,OMN,1994,21800
Oman,OMN,1995,22000
Oman,OMN,1996,22500
Oman,OMN,1997,22800
Oman,OMN,1998,23500
Oman,OMN,1999,29200
Oman,OMN,2000,29700
Oman,OMN,2001,30200
Oman,OMN,2002,30700
Oman,OMN,2003,31000
Oman,OMN,2004,31200
Oman,OMN,2005,31200
Oman,OMN,2006,32000
Oman,OMN,2007,32000
Oman,OMN,2008,32000
Oman,OMN,2009,32000
Oman,OMN,2010,35000
Oman,OMN,2011,36500
Oman,OMN,2012,37000
Oman,OMN,2013,66600
Oman,OMN,2014,67861
Oman,OMN,2015,69708
Oman,OMN,2016,71020
Oman,OMN,2017,72780
Oman,OMN,2018,74597
Oman,OMN,2019,76456
Oman,OMN,2020,78361
Oman,OMN,2021,80311
Pakistan,PAK,2012,0
Pakistan,PAK,2013,60000
Pakistan,PAK,2014,61000
Pakistan,PAK,2015,62000
Pakistan,PAK,2016,62000
Pakistan,PAK,2017,63000
Pakistan,PAK,2018,49917
Pakistan,PAK,2019,50583
Pakistan,PAK,2020,51250
Pakistan,PAK,2021,51917
Qatar,QAT,1989,3825
Qatar,QAT,1990,4018
Qatar,QAT,1991,4869
Qatar,QAT,1992,5615
Qatar,QAT,1993,5800
Qatar,QAT,1994,5900
Qatar,QAT,1995,6000
Qatar,QAT,1996,6200
Qatar,QAT,1997,6250
Qatar,QAT,1998,5950
Qatar,QAT,1999,6500
Qatar,QAT,2000,7000
Qatar,QAT,2001,6000
Qatar,QAT,2002,6000
Qatar,QAT,2003,6200
Qatar,QAT,2004,6300
Qatar,QAT,2005,6300
Qatar,QAT,2006,6300
Qatar,QAT,2007,6500
Qatar,QAT,2008,6700
Qatar,QAT,2009,7000
Qatar,QAT,2010,7800
Qatar,QAT,2011,8000
Qatar,QAT,2012,10928
Qatar,QAT,2013,12876
Qatar,QAT,2014,2703
Qatar,QAT,2015,14910
Qatar,QAT,2016,9928
Qatar,QAT,2017,9776
Qatar,QAT,2018,11181
Qatar,QAT,2019,11332
Qatar,QAT,2020,6122
Qatar,QAT,2021,8119
Russia,RUS,1992,1415
Russia,RUS,1993,1450
Russia,RUS,1994,1457
Russia,RUS,1995,1464
Russia,RUS,1996,1499
Russia,RUS,1997,1552
Russia,RUS,1998,1486
Russia,RUS,1999,1365
Russia,RUS,2000,1365
Russia,RUS,2001,1135
Russia,RUS,2002,910
Russia,RUS,2003,1000
Russia,RUS,2004,1000
Russia,RUS,2005,1132
Russia,RUS,2006,749
Russia,RUS,2007,700
Russia,RUS,2008,786
Russia,RUS,2009,428
Russia,RUS,2010,763
Russia,RUS,2011,519
Russia,RUS,2012,563
Russia,RUS,2013,835
Russia,RUS,2014,725
Russia,RUS,2015,851
Russia,RUS,2016,769
Russia,RUS,2017,748
Russia,RUS,2018,594
Russia,RUS,2019,602
Russia,RUS,2020,574
Russia,RUS,2021,485
Saudi Arabia,SAU,1961,45000
Saudi Arabia,SAU,1962,46000
Saudi Arabia,SAU,1963,47000
Saudi Arabia,SAU,1964,48000
Saudi Arabia,SAU,1965,49000
Saudi Arabia,SAU,1966,50000
Saudi Arabia,SAU,1967,51237
Saudi Arabia,SAU,1968,62689
Saudi Arabia,SAU,1969,55992
Saudi Arabia,SAU,1970,60716
Saudi Arabia,SAU,1971,75060
Saudi Arabia,SAU,1972,83812
Saudi Arabia,SAU,1973,108349
Saudi Arabia,SAU,1974,189108
Saudi Arabia,SAU,1975,174350
Saudi Arabia,SAU,1976,169175
Saudi Arabia,SAU,1977,160818
Saudi Arabia,SAU,1978,141867
Saudi Arabia,SAU,1979,156578
Saudi Arabia,SAU,1980,143227
Saudi Arabia,SAU,1981,116617
Saudi Arabia,SAU,1982,108282
Saudi Arabia,SAU,1983,114680
Saudi Arabia,SAU,1984,135752
Saudi Arabia,SAU,1985,148962
Saudi Arabia,SAU,1986,146000
Saudi Arabia,SAU,1987,148000
Saudi Arabia,SAU,1988,154313
Saudi Arabia,SAU,1989,157838
Saudi Arabia,SAU,1990,178548
Saudi Arabia,SAU,1991,184741
Saudi Arabia,SAU,1992,184500
Saudi Arabia,SAU,1993,187000
Saudi Arabia,SAU,1994,210000
Saudi Arabia,SAU,1995,198000
Saudi Arabia,SAU,1996,240000
Saudi Arabia,SAU,1997,244000
Saudi Arabia,SAU,1998,217000
Saudi Arabia,SAU,1999,174000
Saudi Arabia,SAU,2000,181000
Saudi Arabia,SAU,2001,182000
Saudi Arabia,SAU,2002,182000
Saudi Arabia,SAU,2003,184000
Saudi Arabia,SAU,2004,194000
Saudi Arabia,SAU,2005,193000
Saudi Arabia,SAU,2006,186000
Saudi Arabia,SAU,2007,186000
Saudi Arabia,SAU,2008,186000
Saudi Arabia,SAU,2009,190000
Saudi Arabia,SAU,2010,194000
Saudi Arabia,SAU,2011,198000
Saudi Arabia,SAU,2012,200000
Saudi Arabia,SAU,2013,208177
Saudi Arabia,SAU,2014,434698
Saudi Arabia,SAU,2015,444872
Saudi Arabia,SAU,2016,456270
Saudi Arabia,SAU,2017,461612
Saudi Arabia,SAU,2018,470510
Saudi Arabia,SAU,2019,482574
Saudi Arabia,SAU,2020,490000
Saudi Arabia,SAU,2021,504947
Senegal,SEN,1961,42
Senegal,SEN,1962,142
Senegal,SEN,1963,40
Senegal,SEN,1964,405
Senegal,SEN,1965,450
Senegal,SEN,1966,495
Senegal,SEN,1967,165
Senegal,SEN,1968,125
Senegal,SEN,1969,102
Senegal,SEN,1970,105
Senegal,SEN,1971,105
Senegal,SEN,1972,80
Senegal,SEN,1973,85
Senegal,SEN,1974,85
Senegal,SEN,1975,90
Senegal,SEN,1976,90
Senegal,SEN,1977,105
Senegal,SEN,1978,105
Senegal,SEN,1979,90
Senegal,SEN,1980,90
Senegal,SEN,1981,90
Senegal,SEN,1982,95
Senegal,SEN,1983,95
Senegal,SEN,1984,90
Senegal,SEN,1985,90
Senegal,SEN,1986,105
Senegal,SEN,1987,105
Senegal,SEN,1988,225
Senegal,SEN,1989,105
Senegal,SEN,1990,75
Senegal,SEN,1991,75
Senegal,SEN,1992,75
Senegal,SEN,1993,75
Senegal,SEN,1994,75
Senegal,SEN,1995,75
Senegal,SEN,1996,75
Senegal,SEN,1997,60
Senegal,SEN,1998,60
Senegal,SEN,1999,39
Senegal,SEN,2000,48
Senegal,SEN,2001,52
Senegal,SEN,2002,60
Senegal,SEN,2003,68
Senegal,SEN,2004,69
Senegal,SEN,2005,69
Senegal,SEN,2006,62
Senegal,SEN,2007,66
Senegal,SEN,2008,69
Senegal,SEN,2009,70
Senegal,SEN,2010,71
Senegal,SEN,2011,71
Senegal,SEN,2012,72
Senegal,SEN,2013,83
Senegal,SEN,2014,75
Senegal,SEN,2015,31
Senegal,SEN,2016,63
Senegal,SEN,2017,64
Senegal,SEN,2018,70
Senegal,SEN,2019,50
Senegal,SEN,2020,76
Senegal,SEN,2021,76
Small Island Developing States (FAO),,1961,100
Small Island Developing States (FAO),,1962,100
Small Island Developing States (FAO),,1963,100
Small Island Developing States (FAO),,1964,100
Small Island Developing States (FAO),,1965,100
Small Island Developing States (FAO),,1966,100
Small Island Developing States (FAO),,1967,100
Small Island Developing States (FAO),,1968,100
Small Island Developing States (FAO),,1969,100
Small Island Developing States (FAO),,1970,100
Small Island Developing States (FAO),,1971,100
Small Island Developing States (FAO),,1972,100
Small Island Developing States (FAO),,1973,310
Small Island Developing States (FAO),,1974,250
Small Island Developing States (FAO),,1975,250
Small Island Developing States (FAO),,1976,250
Small Island Developing States (FAO),,1977,300
Small Island Developing States (FAO),,1978,300
Small Island Developing States (FAO),,1979,300
Small Island Developing States (FAO),,1980,350
Small Island Developing States (FAO),,1981,350
Small Island Developing States (FAO),,1982,350
Small Island Developing States (FAO),,1983,360
Small Island Developing States (FAO),,1984,360
Small Island Developing States (FAO),,1985,370
Small Island Developing States (FAO),,1986,380
Small Island Developing States (FAO),,1987,390
Small Island Developing States (FAO),,1988,395
Small Island Developing States (FAO),,1989,400
Small Island Developing States (FAO),,1990,380
Small Island Developing States (FAO),,1991,380
Small Island Developing States (FAO),,1992,385
Small Island Developing States (FAO),,1993,390
Small Island Developing States (FAO),,1994,400
Small Island Developing States (FAO),,1995,410
Small Island Developing States (FAO),,1996,415
Small Island Developing States (FAO),,1997,415
Small Island Developing States (FAO),,1998,420
Small Island Developing States (FAO),,1999,415
Small Island Developing States (FAO),,2000,418
Small Island Developing States (FAO),,2001,420
Small Island Developing States (FAO),,2002,420
Small Island Developing States (FAO),,2003,420
Small Island Developing States (FAO),,2004,420
Small Island Developing States (FAO),,2005,420
Small Island Developing States (FAO),,2006,420
Small Island Developing States (FAO),,2007,420
Small Island Developing States (FAO),,2008,450
Small Island Developing States (FAO),,2009,450
Small Island Developing States (FAO),,2010,450
Small Island Developing States (FAO),,2011,448
Small Island Developing States (FAO),,2012,452
Small Island Developing States (FAO),,2013,452
Small Island Developing States (FAO),,2014,441
Small Island Developing States (FAO),,2015,437
Small Island Developing States (FAO),,2016,432
Small Island Developing States (FAO),,2017,429
Small Island Developing States (FAO),,2018,428
Small Island Developing States (FAO),,2019,428
Small Island Developing States (FAO),,2020,428
Small Island Developing States (FAO),,2021,428
Somalia,SOM,1961,50000
Somalia,SOM,1962,52000
Somalia,SOM,1963,65000
Somalia,SOM,1964,56000
Somalia,SOM,1965,54000
Somalia,SOM,1966,53000
Somalia,SOM,1967,51000
Somalia,SOM,1968,75000
Somalia,SOM,1969,67000
Somalia,SOM,1970,68000
Somalia,SOM,1971,72000
Somalia,SOM,1972,77000
Somalia,SOM,1973,68000
Somalia,SOM,1974,76000
Somalia,SOM,1975,73000
Somalia,SOM,1976,71000
Somalia,SOM,1977,75000
Somalia,SOM,1978,75000
Somalia,SOM,1979,78000
Somalia,SOM,1980,85000
Somalia,SOM,1981,90000
Somalia,SOM,1982,90000
Somalia,SOM,1983,75000
Somalia,SOM,1984,80000
Somalia,SOM,1985,90000
Somalia,SOM,1986,106000
Somalia,SOM,1987,110700
Somalia,SOM,1988,114000
Somalia,SOM,1989,150000
Somalia,SOM,1990,180000
Somalia,SOM,1991,200000
Somalia,SOM,1992,190000
Somalia,SOM,1993,200000
Somalia,SOM,1994,200000
Somalia,SOM,1995,205000
Somalia,SOM,1996,210000
Somalia,SOM,1997,200000
Somalia,SOM,1998,220000
Somalia,SOM,1999,200000
Somalia,SOM,2000,230000
Somalia,SOM,2001,245000
Somalia,SOM,2002,240000
Somalia,SOM,2003,260000
Somalia,SOM,2004,262000
Somalia,SOM,2005,263000
Somalia,SOM,2006,260000
Somalia,SOM,2007,260000
Somalia,SOM,2008,260000
Somalia,SOM,2009,260000
Somalia,SOM,2010,260000
Somalia,SOM,2011,260000
Somalia,SOM,2012,270000
Somalia,SOM,2013,270000
Somalia,SOM,2014,270421
Somalia,SOM,2015,274287
Somalia,SOM,2016,276250
Somalia,SOM,2017,279675
Somalia,SOM,2018,282058
Somalia,SOM,2019,283797
Somalia,SOM,2020,281586
Somalia,SOM,2021,284011
South Sudan,SSD,2012,0
South Sudan,SSD,2013,0
South Sudan,SSD,2014,0
South Sudan,SSD,2015,0
South Sudan,SSD,2016,0
South Sudan,SSD,2017,0
South Sudan,SSD,2018,0
South Sudan,SSD,2019,0
South Sudan,SSD,2020,0
South Sudan,SSD,2021,0
Southern Asia (FAO),,1961,34000
Southern Asia (FAO),,1962,36393
Southern Asia (FAO),,1963,38952
Southern Asia (FAO),,1964,36000
Southern Asia (FAO),,1965,34000
Southern Asia (FAO),,1966,34000
Southern Asia (FAO),,1967,34000
Southern Asia (FAO),,1968,34000
Southern Asia (FAO),,1969,32000
Southern Asia (FAO),,1970,31000
Southern Asia (FAO),,1971,30200
Southern Asia (FAO),,1972,30200
Southern Asia (FAO),,1973,30200
Southern Asia (FAO),,1974,29700
Southern Asia (FAO),,1975,30100
Southern Asia (FAO),,1976,30600
Southern Asia (FAO),,1977,30600
Southern Asia (FAO),,1978,36000
Southern Asia (FAO),,1979,28100
Southern Asia (FAO),,1980,27500
Southern Asia (FAO),,1981,27500
Southern Asia (FAO),,1982,27500
Southern Asia (FAO),,1983,28000
Southern Asia (FAO),,1984,28500
Southern Asia (FAO),,1985,28500
Southern Asia (FAO),,1986,21000
Southern Asia (FAO),,1987,22000
Southern Asia (FAO),,1988,22500
Southern Asia (FAO),,1989,23500
Southern Asia (FAO),,1990,24500
Southern Asia (FAO),,1991,36000
Southern Asia (FAO),,1992,36300
Southern Asia (FAO),,1993,36500
Southern Asia (FAO),,1994,37200
Southern Asia (FAO),,1995,37800
Southern Asia (FAO),,1996,39000
Southern Asia (FAO),,1997,47000
Southern Asia (FAO),,1998,56000
Southern Asia (FAO),,1999,50793
Southern Asia (FAO),,2000,51733
Southern Asia (FAO),,2001,47871
Southern Asia (FAO),,2002,48288
Southern Asia (FAO),,2003,46511
Southern Asia (FAO),,2004,48000
Southern Asia (FAO),,2005,40000
Southern Asia (FAO),,2006,47000
Southern Asia (FAO),,2007,51000
Southern Asia (FAO),,2008,48608
Southern Asia (FAO),,2009,49890
Southern Asia (FAO),,2010,50899
Southern Asia (FAO),,2011,46800
Southern Asia (FAO),,2012,46000
Southern Asia (FAO),,2013,103500
Southern Asia (FAO),,2014,99774
Southern Asia (FAO),,2015,104486
Southern Asia (FAO),,2016,105925
Southern Asia (FAO),,2017,116020
Southern Asia (FAO),,2018,95129
Southern Asia (FAO),,2019,97646
Southern Asia (FAO),,2020,92347
Southern Asia (FAO),,2021,98377
Sudan,SDN,2012,509000
Sudan,SDN,2013,513000
Sudan,SDN,2014,520000
Sudan,SDN,2015,524000
Sudan,SDN,2016,530000
Sudan,SDN,2017,532000
Sudan,SDN,2018,535000
Sudan,SDN,2019,539000
Sudan,SDN,2020,543030
Sudan,SDN,2021,548050
Sudan (former),,1961,60000
Sudan (former),,1962,60000
Sudan (former),,1963,60000
Sudan (former),,1964,60000
Sudan (former),,1965,60000
Sudan (former),,1966,95000
Sudan (former),,1967,104000
Sudan (former),,1968,115000
Sudan (former),,1969,108000
Sudan (former),,1970,105000
Sudan (former),,1971,111000
Sudan (former),,1972,111000
Sudan (former),,1973,114000
Sudan (former),,1974,104800
Sudan (former),,1975,118000
Sudan (former),,1976,120000
Sudan (former),,1977,121000
Sudan (former),,1978,115000
Sudan (former),,1979,115000
Sudan (former),,1980,145000
Sudan (former),,1981,120000
Sudan (former),,1982,115000
Sudan (former),,1983,105000
Sudan (former),,1984,106000
Sudan (former),,1985,110000
Sudan (former),,1986,88000
Sudan (former),,1987,97000
Sudan (former),,1988,100796
Sudan (former),,1989,105333
Sudan (former),,1990,106073
Sudan (former),,1991,103725
Sudan (former),,1992,137000
Sudan (former),,1993,170000
Sudan (former),,1994,203000
Sudan (former),,1995,236000
Sudan (former),,1996,269000
Sudan (former),,1997,302000
Sudan (former),,1998,335600
Sudan (former),,1999,351100
Sudan (former),,2000,360000
Sudan (former),,2001,362200
Sudan (former),,2002,357800
Sudan (former),,2003,373300
Sudan (former),,2004,391100
Sudan (former),,2005,271100
Sudan (former),,2006,448900
Sudan (former),,2007,471100
Sudan (former),,2008,530700
Sudan (former),,2009,553800
Sudan (former),,2010,571100
Sudan (former),,2011,617800
Syria,SYR,1961,1400
Syria,SYR,1962,1300
Syria,SYR,1963,1200
Syria,SYR,1964,1200
Syria,SYR,1965,870
Syria,SYR,1966,800
Syria,SYR,1967,1100
Syria,SYR,1968,1350
Syria,SYR,1969,1300
Syria,SYR,1970,1100
Syria,SYR,1971,1000
Syria,SYR,1972,1000
Syria,SYR,1973,650
Syria,SYR,1974,1100
Syria,SYR,1975,850
Syria,SYR,1976,1000
Syria,SYR,1977,1200
Syria,SYR,1978,1400
Syria,SYR,1979,1600
Syria,SYR,1980,1450
Syria,SYR,1981,1500
Syria,SYR,1982,1300
Syria,SYR,1983,1800
Syria,SYR,1984,1789
Syria,SYR,1985,1772
Syria,SYR,1986,1212
Syria,SYR,1987,638
Syria,SYR,1988,575
Syria,SYR,1989,480
Syria,SYR,1990,783
Syria,SYR,1991,900
Syria,SYR,1992,1100
Syria,SYR,1993,1000
Syria,SYR,1994,1200
Syria,SYR,1995,1200
Syria,SYR,1996,1300
Syria,SYR,1997,1300
Syria,SYR,1998,1400
Syria,SYR,1999,1700
Syria,SYR,2000,1700
Syria,SYR,2001,1500
Syria,SYR,2002,1500
Syria,SYR,2003,1800
Syria,SYR,2004,2000
Syria,SYR,2005,2945
Syria,SYR,2006,5223
Syria,SYR,2007,4000
Syria,SYR,2008,4000
Syria,SYR,2009,3249
Syria,SYR,2010,5000
Syria,SYR,2011,5500
Syria,SYR,2012,5500
Syria,SYR,2013,5338
Syria,SYR,2014,5908
Syria,SYR,2015,5468
Syria,SYR,2016,4968
Syria,SYR,2017,4459
Syria,SYR,2018,4220
Syria,SYR,2019,3939
Syria,SYR,2020,3936
Syria,SYR,2021,3559
Tunisia,TUN,1961,12000
Tunisia,TUN,1962,11000
Tunisia,TUN,1963,10000
Tunisia,TUN,1964,11990
Tunisia,TUN,1965,13920
Tunisia,TUN,1966,13560
Tunisia,TUN,1967,15000
Tunisia,TUN,1968,17000
Tunisia,TUN,1969,17000
Tunisia,TUN,1970,15000
Tunisia,TUN,1971,15000
Tunisia,TUN,1972,14000
Tunisia,TUN,1973,12070
Tunisia,TUN,1974,10260
Tunisia,TUN,1975,10000
Tunisia,TUN,1976,21870
Tunisia,TUN,1977,12090
Tunisia,TUN,1978,12000
Tunisia,TUN,1979,12000
Tunisia,TUN,1980,12000
Tunisia,TUN,1981,12100
Tunisia,TUN,1982,12200
Tunisia,TUN,1983,12300
Tunisia,TUN,1984,12600
Tunisia,TUN,1985,13000
Tunisia,TUN,1986,13000
Tunisia,TUN,1987,15000
Tunisia,TUN,1988,18055
Tunisia,TUN,1989,17385
Tunisia,TUN,1990,16716
Tunisia,TUN,1991,10717
Tunisia,TUN,1992,11333
Tunisia,TUN,1993,11667
Tunisia,TUN,1994,11699
Tunisia,TUN,1995,11849
Tunisia,TUN,1996,11924
Tunisia,TUN,1997,11715
Tunisia,TUN,1998,11759
Tunisia,TUN,1999,11802
Tunisia,TUN,2000,11842
Tunisia,TUN,2001,12000
Tunisia,TUN,2002,11862
Tunisia,TUN,2003,11825
Tunisia,TUN,2004,11788
Tunisia,TUN,2005,11752
Tunisia,TUN,2006,11226
Tunisia,TUN,2007,11482
Tunisia,TUN,2008,11566
Tunisia,TUN,2009,11500
Tunisia,TUN,2010,12000
Tunisia,TUN,2011,12000
Tunisia,TUN,2012,12122
Tunisia,TUN,2013,12024
Tunisia,TUN,2014,11954
Tunisia,TUN,2015,12065
Tunisia,TUN,2016,12132
Tunisia,TUN,2017,12187
Tunisia,TUN,2018,12200
Tunisia,TUN,2019,12255
Tunisia,TUN,2020,12301
Tunisia,TUN,2021,12347
Turkey,TUR,1961,1600
Turkey,TUR,1962,1574
Turkey,TUR,1963,2062
Turkey,TUR,1964,2550
Turkey,TUR,1965,3384
Turkey,TUR,1966,2430
Turkey,TUR,1967,3327
Turkey,TUR,1968,3978
Turkey,TUR,1969,1902
Turkey,TUR,1970,3140
Turkey,TUR,1971,3894
Turkey,TUR,1972,1003
Turkey,TUR,1973,589
Turkey,TUR,1974,910
Turkey,TUR,1975,740
Turkey,TUR,1976,1640
Turkey,TUR,1977,930
Turkey,TUR,1978,1070
Turkey,TUR,1979,610
Turkey,TUR,1980,400
Turkey,TUR,1981,210
Turkey,TUR,1982,280
Turkey,TUR,1983,410
Turkey,TUR,1984,440
Turkey,TUR,1985,1960
Turkey,TUR,1986,105
Turkey,TUR,1987,149
Turkey,TUR,1988,334
Turkey,TUR,1989,1360
Turkey,TUR,1990,320
Turkey,TUR,1991,360
Turkey,TUR,1992,160
Turkey,TUR,1993,100
Turkey,TUR,1994,150
Turkey,TUR,1995,70
Turkey,TUR,1996,20
Turkey,TUR,1997,53
Turkey,TUR,1998,75
Turkey,TUR,1999,33
Turkey,TUR,2000,29
Turkey,TUR,2001,23
Turkey,TUR,2002,44
Turkey,TUR,2003,67
Turkey,TUR,2004,38
Turkey,TUR,2005,49
Turkey,TUR,2006,55
Turkey,TUR,2007,33
Turkey,TUR,2008,47
Turkey,TUR,2009,55
Turkey,TUR,2010,0
Turkey,TUR,2011,0
Turkey,TUR,2012,0
Turkey,TUR,2013,0
Turkey,TUR,2014,0
Turkey,TUR,2015,0
Turkey,TUR,2016,0
Turkey,TUR,2017,0
Turkey,TUR,2018,0
Turkey,TUR,2019,0
Turkey,TUR,2020,0
Turkey,TUR,2021,0
Turkmenistan,TKM,2018,0
Turkmenistan,TKM,2019,41137
Turkmenistan,TKM,2020,46076
Turkmenistan,TKM,2021,44391
United Arab Emirates,ARE,1961,33000
United Arab Emirates,ARE,1962,33000
United Arab Emirates,ARE,1963,33600
United Arab Emirates,ARE,1964,34650
United Arab Emirates,ARE,1965,35310
United Arab Emirates,ARE,1966,36300
United Arab Emirates,ARE,1967,35000
United Arab Emirates,ARE,1968,34600
United Arab Emirates,ARE,1969,34000
United Arab Emirates,ARE,1970,33000
United Arab Emirates,ARE,1971,32000
United Arab Emirates,ARE,1972,29700
United Arab Emirates,ARE,1973,30000
United Arab Emirates,ARE,1974,24300
United Arab Emirates,ARE,1975,22900
United Arab Emirates,ARE,1976,15000
United Arab Emirates,ARE,1977,18000
United Arab Emirates,ARE,1978,17600
United Arab Emirates,ARE,1979,16500
United Arab Emirates,ARE,1980,19000
United Arab Emirates,ARE,1981,20000
United Arab Emirates,ARE,1982,21500
United Arab Emirates,ARE,1983,23000
United Arab Emirates,ARE,1984,24800
United Arab Emirates,ARE,1985,26500
United Arab Emirates,ARE,1986,28400
United Arab Emirates,ARE,1987,30400
United Arab Emirates,ARE,1988,32500
United Arab Emirates,ARE,1989,34850
United Arab Emirates,ARE,1990,38000
United Arab Emirates,ARE,1991,40000
United Arab Emirates,ARE,1992,41000
United Arab Emirates,ARE,1993,44500
United Arab Emirates,ARE,1994,48877
United Arab Emirates,ARE,1995,52300
United Arab Emirates,ARE,1996,55960
United Arab Emirates,ARE,1997,59933
United Arab Emirates,ARE,1998,64067
United Arab Emirates,ARE,1999,68550
United Arab Emirates,ARE,2000,72606
United Arab Emirates,ARE,2001,76950
United Arab Emirates,ARE,2002,81210
United Arab Emirates,ARE,2003,85480
United Arab Emirates,ARE,2004,97000
United Arab Emirates,ARE,2005,94000
United Arab Emirates,ARE,2006,119500
United Arab Emirates,ARE,2007,134500
United Arab Emirates,ARE,2008,132000
United Arab Emirates,ARE,2009,165000
United Arab Emirates,ARE,2010,167000
United Arab Emirates,ARE,2011,168000
United Arab Emirates,ARE,2012,149610
United Arab Emirates,ARE,2013,154440
United Arab Emirates,ARE,2014,167765
United Arab Emirates,ARE,2015,172298
United Arab Emirates,ARE,2016,178410
United Arab Emirates,ARE,2017,186621
United Arab Emirates,ARE,2018,187733
United Arab Emirates,ARE,2019,205248
United Arab Emirates,ARE,2020,208870
United Arab Emirates,ARE,2021,217098
Upper-middle-income countries,,1961,91695
Upper-middle-income countries,,1962,94620
Upper-middle-income countries,,1963,99475
Upper-middle-income countries,,1964,112145
Upper-middle-income countries,,1965,142016
Upper-middle-income countries,,1966,149646
Upper-middle-income countries,,1967,138117
Upper-middle-income countries,,1968,142034
Upper-middle-income countries,,1969,145485
Upper-middle-income countries,,1970,153043
Upper-middle-income countries,,1971,146577
Upper-middle-income countries,,1972,148670
Upper-middle-income countries,,1973,150542
Upper-middle-income countries,,1974,134910
Upper-middle-income countries,,1975,108640
Upper-middle-income countries,,1976,114853
Upper-middle-income countries,,1977,116177
Upper-middle-income countries,,1978,101429
Upper-middle-income countries,,1979,103887
Upper-middle-income countries,,1980,111800
Upper-middle-income countries,,1981,113860
Upper-middle-income countries,,1982,121180
Upper-middle-income countries,,1983,124230
Upper-middle-income countries,,1984,125050
Upper-middle-income countries,,1985,124500
Upper-middle-income countries,,1986,116560
Upper-middle-income countries,,1987,111709
Upper-middle-income countries,,1988,119977
Upper-middle-income countries,,1989,132258
Upper-middle-income countries,,1990,143920
Upper-middle-income countries,,1991,90260
Upper-middle-income countries,,1992,120075
Upper-middle-income countries,,1993,114010
Upper-middle-income countries,,1994,119917
Upper-middle-income countries,,1995,110774
Upper-middle-income countries,,1996,118569
Upper-middle-income countries,,1997,106135
Upper-middle-income countries,,1998,108171
Upper-middle-income countries,,1999,114168
Upper-middle-income countries,,2000,104374
Upper-middle-income countries,,2001,102418
Upper-middle-income countries,,2002,108754
Upper-middle-income countries,,2003,109067
Upper-middle-income countries,,2004,110251
Upper-middle-income countries,,2005,118281
Upper-middle-income countries,,2006,121404
Upper-middle-income countries,,2007,123833
Upper-middle-income countries,,2008,135410
Upper-middle-income countries,,2009,119308
Upper-middle-income countries,,2010,121464
Upper-middle-income countries,,2011,124694
Upper-middle-income countries,,2012,124768
Upper-middle-income countries,,2013,136918
Upper-middle-income countries,,2014,133529
Upper-middle-income countries,,2015,130097
Upper-middle-income countries,,2016,136872
Upper-middle-income countries,,2017,135391
Upper-middle-income countries,,2018,161084
Upper-middle-income countries,,2019,232468
Upper-middle-income countries,,2020,228040
Upper-middle-income countries,,2021,243750
Uzbekistan,UZB,1992,3155
Uzbekistan,UZB,1993,3227
Uzbekistan,UZB,1994,3298
Uzbekistan,UZB,1995,3382
Uzbekistan,UZB,1996,3279
Uzbekistan,UZB,1997,2885
Uzbekistan,UZB,1998,2500
Uzbekistan,UZB,1999,2500
Uzbekistan,UZB,2000,2600
Uzbekistan,UZB,2001,2800
Uzbekistan,UZB,2002,3000
Uzbekistan,UZB,2003,3220
Uzbekistan,UZB,2004,3500
Uzbekistan,UZB,2005,3745
Uzbekistan,UZB,2006,2900
Uzbekistan,UZB,2007,2500
Uzbekistan,UZB,2008,2500
Uzbekistan,UZB,2009,2500
Uzbekistan,UZB,2010,3000
Uzbekistan,UZB,2011,3500
Uzbekistan,UZB,2012,3500
Uzbekistan,UZB,2013,3500
Uzbekistan,UZB,2014,4082
Uzbekistan,UZB,2015,4946
Uzbekistan,UZB,2016,7100
Uzbekistan,UZB,2017,9088
Uzbekistan,UZB,2018,13084
Uzbekistan,UZB,2019,8790
Uzbekistan,UZB,2020,8672
Uzbekistan,UZB,2021,8578
Western Africa (FAO),,1961,61942
Western Africa (FAO),,1962,66642
Western Africa (FAO),,1963,69340
Western Africa (FAO),,1964,73505
Western Africa (FAO),,1965,81350
Western Africa (FAO),,1966,85195
Western Africa (FAO),,1967,87765
Western Africa (FAO),,1968,103325
Western Africa (FAO),,1969,100302
Western Africa (FAO),,1970,106305
Western Africa (FAO),,1971,108305
Western Africa (FAO),,1972,117280
Western Africa (FAO),,1973,110285
Western Africa (FAO),,1974,108285
Western Africa (FAO),,1975,100290
Western Africa (FAO),,1976,101290
Western Africa (FAO),,1977,104305
Western Africa (FAO),,1978,113345
Western Africa (FAO),,1979,118200
Western Africa (FAO),,1980,143710
Western Africa (FAO),,1981,149260
Western Africa (FAO),,1982,149695
Western Africa (FAO),,1983,151395
Western Africa (FAO),,1984,146490
Western Africa (FAO),,1985,140390
Western Africa (FAO),,1986,162505
Western Africa (FAO),,1987,165205
Western Africa (FAO),,1988,170125
Western Africa (FAO),,1989,173405
Western Africa (FAO),,1990,182650
Western Africa (FAO),,1991,150867
Western Africa (FAO),,1992,168697
Western Africa (FAO),,1993,153758
Western Africa (FAO),,1994,172829
Western Africa (FAO),,1995,173904
Western Africa (FAO),,1996,174985
Western Africa (FAO),,1997,177052
Western Africa (FAO),,1998,182138
Western Africa (FAO),,1999,171208
Western Africa (FAO),,2000,125591
Western Africa (FAO),,2001,132043
Western Africa (FAO),,2002,137328
Western Africa (FAO),,2003,155052
Western Africa (FAO),,2004,147760
Western Africa (FAO),,2005,153027
Western Africa (FAO),,2006,145399
Western Africa (FAO),,2007,142164
Western Africa (FAO),,2008,139058
Western Africa (FAO),,2009,141395
Western Africa (FAO),,2010,151018
Western Africa (FAO),,2011,159847
Western Africa (FAO),,2012,157967
Western Africa (FAO),,2013,156160
Western Africa (FAO),,2014,170295
Western Africa (FAO),,2015,166970
Western Africa (FAO),,2016,168860
Western Africa (FAO),,2017,165995
Western Africa (FAO),,2018,165317
Western Africa (FAO),,2019,157993
Western Africa (FAO),,2020,161256
Western Africa (FAO),,2021,169012
Western Asia (FAO),,1961,139682
Western Asia (FAO),,1962,140050
Western Asia (FAO),,1963,139637
Western Asia (FAO),,1964,140963
Western Asia (FAO),,1965,145883
Western Asia (FAO),,1966,146668
Western Asia (FAO),,1967,145840
Western Asia (FAO),,1968,161791
Western Asia (FAO),,1969,153567
Western Asia (FAO),,1970,160029
Western Asia (FAO),,1971,174762
Western Asia (FAO),,1972,181475
Western Asia (FAO),,1973,206505
Western Asia (FAO),,1974,274362
Western Asia (FAO),,1975,253669
Western Asia (FAO),,1976,241046
Western Asia (FAO),,1977,233239
Western Asia (FAO),,1978,206598
Western Asia (FAO),,1979,217151
Western Asia (FAO),,1980,209542
Western Asia (FAO),,1981,188555
Western Asia (FAO),,1982,179175
Western Asia (FAO),,1983,189537
Western Asia (FAO),,1984,210158
Western Asia (FAO),,1985,224687
Western Asia (FAO),,1986,216476
Western Asia (FAO),,1987,221706
Western Asia (FAO),,1988,233449
Western Asia (FAO),,1989,249250
Western Asia (FAO),,1990,273593
Western Asia (FAO),,1991,272424
Western Asia (FAO),,1992,273266
Western Asia (FAO),,1993,280189
Western Asia (FAO),,1994,307841
Western Asia (FAO),,1995,299899
Western Asia (FAO),,1996,347044
Western Asia (FAO),,1997,355653
Western Asia (FAO),,1998,334431
Western Asia (FAO),,1999,302197
Western Asia (FAO),,2000,315476
Western Asia (FAO),,2001,320953
Western Asia (FAO),,2002,329504
Western Asia (FAO),,2003,338767
Western Asia (FAO),,2004,357971
Western Asia (FAO),,2005,362114
Western Asia (FAO),,2006,378729
Western Asia (FAO),,2007,389553
Western Asia (FAO),,2008,390530
Western Asia (FAO),,2009,432597
Western Asia (FAO),,2010,443178
Western Asia (FAO),,2011,451914
Western Asia (FAO),,2012,437540
Western Asia (FAO),,2013,483478
Western Asia (FAO),,2014,713399
Western Asia (FAO),,2015,738956
Western Asia (FAO),,2016,755826
Western Asia (FAO),,2017,770673
Western Asia (FAO),,2018,785243
Western Asia (FAO),,2019,820811
Western Asia (FAO),,2020,827396
Western Asia (FAO),,2021,855079
World,OWID_WRL,1961,644359
World,OWID_WRL,1962,665253
World,OWID_WRL,1963,687438
World,OWID_WRL,1964,705881
World,OWID_WRL,1965,746445
World,OWID_WRL,1966,795629
World,OWID_WRL,1967,798595
World,OWID_WRL,1968,845792
World,OWID_WRL,1969,825732
World,OWID_WRL,1970,841297
World,OWID_WRL,1971,848231
World,OWID_WRL,1972,881936
World,OWID_WRL,1973,893899
World,OWID_WRL,1974,956479
World,OWID_WRL,1975,912809
World,OWID_WRL,1976,920569
World,OWID_WRL,1977,913654
World,OWID_WRL,1978,890486
World,OWID_WRL,1979,895947
World,OWID_WRL,1980,953032
World,OWID_WRL,1981,919605
World,OWID_WRL,1982,983370
World,OWID_WRL,1983,981122
World,OWID_WRL,1984,1040344
World,OWID_WRL,1985,1055270
World,OWID_WRL,1986,1015865
World,OWID_WRL,1987,998831
World,OWID_WRL,1988,1057545
World,OWID_WRL,1989,1141876
World,OWID_WRL,1990,1225267
World,OWID_WRL,1991,1231460
World,OWID_WRL,1992,1302831
World,OWID_WRL,1993,1226198
World,OWID_WRL,1994,1304580
World,OWID_WRL,1995,1347938
World,OWID_WRL,1996,1477760
World,OWID_WRL,1997,1502982
World,OWID_WRL,1998,1567736
World,OWID_WRL,1999,1524487
World,OWID_WRL,2000,1534499
World,OWID_WRL,2001,1583113
World,OWID_WRL,2002,1572135
World,OWID_WRL,2003,1634786
World,OWID_WRL,2004,1710606
World,OWID_WRL,2005,1578932
World,OWID_WRL,2006,1783563
World,OWID_WRL,2007,1943203
World,OWID_WRL,2008,2094128
World,OWID_WRL,2009,2079647
World,OWID_WRL,2010,2191205
World,OWID_WRL,2011,2259603
World,OWID_WRL,2012,2132119
World,OWID_WRL,2013,2243846
World,OWID_WRL,2014,2459688
World,OWID_WRL,2015,2525657
World,OWID_WRL,2016,2550456
World,OWID_WRL,2017,2584789
World,OWID_WRL,2018,2599598
World,OWID_WRL,2019,2851477
World,OWID_WRL,2020,2788344
World,OWID_WRL,2021,2756276
Yemen,YEM,1961,12038
Yemen,YEM,1962,12038
Yemen,YEM,1963,12100
Yemen,YEM,1964,12100
Yemen,YEM,1965,12100
Yemen,YEM,1966,12163
Yemen,YEM,1967,12225
Yemen,YEM,1968,12288
Yemen,YEM,1969,12350
Yemen,YEM,1970,12350
Yemen,YEM,1971,11750
Yemen,YEM,1972,11750
Yemen,YEM,1973,14000
Yemen,YEM,1974,13500
Yemen,YEM,1975,13500
Yemen,YEM,1976,13063
Yemen,YEM,1977,11813
Yemen,YEM,1978,10900
Yemen,YEM,1979,12750
Yemen,YEM,1980,13750
Yemen,YEM,1981,14450
Yemen,YEM,1982,12900
Yemen,YEM,1983,12900
Yemen,YEM,1984,13000
Yemen,YEM,1985,13000
Yemen,YEM,1986,13000
Yemen,YEM,1987,13800
Yemen,YEM,1988,14500
Yemen,YEM,1989,15300
Yemen,YEM,1990,16000
Yemen,YEM,1991,15500
Yemen,YEM,1992,15700
Yemen,YEM,1993,16000
Yemen,YEM,1994,16300
Yemen,YEM,1995,16300
Yemen,YEM,1996,16300
Yemen,YEM,1997,16500
Yemen,YEM,1998,16600
Yemen,YEM,1999,16800
Yemen,YEM,2000,17300
Yemen,YEM,2001,18100
Yemen,YEM,2002,18800
Yemen,YEM,2003,19500
Yemen,YEM,2004,19700
Yemen,YEM,2005,19900
Yemen,YEM,2006,14231
Yemen,YEM,2007,14800
Yemen,YEM,2008,15206
Yemen,YEM,2009,15500
Yemen,YEM,2010,15940
Yemen,YEM,2011,17000
Yemen,YEM,2012,17700
Yemen,YEM,2013,18000
Yemen,YEM,2014,18013
Yemen,YEM,2015,17247
Yemen,YEM,2016,16000
Yemen,YEM,2017,15579
Yemen,YEM,2018,15722
Yemen,YEM,2019,16576
Yemen,YEM,2020,16598
Yemen,YEM,2021,16082