Entity,Code,Year,"Meat of pigeons and other birds n.e.c., fresh, chilled or frozen | 00001089 || Producing or slaughtered animals | 005321 || animals"
Africa,,1961,18000000
Africa,,1962,18000000
Africa,,1963,17500000
Africa,,1964,17500000
Africa,,1965,17000000
Africa,,1966,16500000
Africa,,1967,16000000
Africa,,1968,15000000
Africa,,1969,14000000
Africa,,1970,13000000
Africa,,1971,13000000
Africa,,1972,12000000
Africa,,1973,11500000
Africa,,1974,10800000
Africa,,1975,10000000
Africa,,1976,9300000
Africa,,1977,8600000
Africa,,1978,7850000
Africa,,1979,7000000
Africa,,1980,7200000
Africa,,1981,11000000
Africa,,1982,16500000
Africa,,1983,24000000
Africa,,1984,27500000
Africa,,1985,28300000
Africa,,1986,29000000
Africa,,1987,30000000
Africa,,1988,31000000
Africa,,1989,32000000
Africa,,1990,32500000
Africa,,1991,33751000
Africa,,1992,34701000
Africa,,1993,35701000
Africa,,1994,35751000
Africa,,1995,37380000
Africa,,1996,39013000
Africa,,1997,40021000
Africa,,1998,41015000
Africa,,1999,42271000
Africa,,2000,42528000
Africa,,2001,42785000
Africa,,2002,43041000
Africa,,2003,43050000
Africa,,2004,43053000
Africa,,2005,43055000
Africa,,2006,43058000
Africa,,2007,43065000
Africa,,2008,43070000
Africa,,2009,43075000
Africa,,2010,43181000
Africa,,2011,43181000
Africa,,2012,44881000
Africa,,2013,47836000
Africa,,2014,45565000
Africa,,2015,44437000
Africa,,2016,45127000
Africa,,2017,45519000
Africa,,2018,44656000
Africa,,2019,44153000
Africa,,2020,43814000
Africa,,2021,43273000
Africa (FAO),,1961,18000000
Africa (FAO),,1962,18000000
Africa (FAO),,1963,17500000
Africa (FAO),,1964,17500000
Africa (FAO),,1965,17000000
Africa (FAO),,1966,16500000
Africa (FAO),,1967,16000000
Africa (FAO),,1968,15000000
Africa (FAO),,1969,14000000
Africa (FAO),,1970,13000000
Africa (FAO),,1971,13000000
Africa (FAO),,1972,12000000
Africa (FAO),,1973,11500000
Africa (FAO),,1974,10800000
Africa (FAO),,1975,10000000
Africa (FAO),,1976,9300000
Africa (FAO),,1977,8600000
Africa (FAO),,1978,7850000
Africa (FAO),,1979,7000000
Africa (FAO),,1980,7200000
Africa (FAO),,1981,11000000
Africa (FAO),,1982,16500000
Africa (FAO),,1983,24000000
Africa (FAO),,1984,27500000
Africa (FAO),,1985,28300000
Africa (FAO),,1986,29000000
Africa (FAO),,1987,30000000
Africa (FAO),,1988,31000000
Africa (FAO),,1989,32000000
Africa (FAO),,1990,32500000
Africa (FAO),,1991,33751000
Africa (FAO),,1992,34701000
Africa (FAO),,1993,35701000
Africa (FAO),,1994,35751000
Africa (FAO),,1995,37380000
Africa (FAO),,1996,39013000
Africa (FAO),,1997,40021000
Africa (FAO),,1998,41015000
Africa (FAO),,1999,42271000
Africa (FAO),,2000,42528000
Africa (FAO),,2001,42785000
Africa (FAO),,2002,43041000
Africa (FAO),,2003,43050000
Africa (FAO),,2004,43053000
Africa (FAO),,2005,43055000
Africa (FAO),,2006,43058000
Africa (FAO),,2007,43065000
Africa (FAO),,2008,43070000
Africa (FAO),,2009,43075000
Africa (FAO),,2010,43181000
Africa (FAO),,2011,43181000
Africa (FAO),,2012,44881000
Africa (FAO),,2013,47836000
Africa (FAO),,2014,45565000
Africa (FAO),,2015,44437000
Africa (FAO),,2016,45127000
Africa (FAO),,2017,45519000
Africa (FAO),,2018,44656000
Africa (FAO),,2019,44153000
Africa (FAO),,2020,43814000
Africa (FAO),,2021,43273000
Asia,,1961,4880000
Asia,,1962,5180000
Asia,,1963,5485000
Asia,,1964,5785000
Asia,,1965,6090000
Asia,,1966,6095000
Asia,,1967,4095000
Asia,,1968,4900000
Asia,,1969,5580000
Asia,,1970,6110000
Asia,,1971,8620000
Asia,,1972,6725000
Asia,,1973,4930000
Asia,,1974,3830000
Asia,,1975,4150000
Asia,,1976,4460000
Asia,,1977,4180000
Asia,,1978,5100000
Asia,,1979,5100000
Asia,,1980,5600000
Asia,,1981,5550000
Asia,,1982,6400000
Asia,,1983,5500000
Asia,,1984,5100000
Asia,,1985,4500000
Asia,,1986,4800000
Asia,,1987,5300000
Asia,,1988,5767000
Asia,,1989,6433000
Asia,,1990,8818000
Asia,,1991,9819000
Asia,,1992,12431000
Asia,,1993,16754000
Asia,,1994,15698000
Asia,,1995,15118000
Asia,,1996,15693000
Asia,,1997,16068000
Asia,,1998,13405000
Asia,,1999,13718000
Asia,,2000,13590000
Asia,,2001,12479000
Asia,,2002,12037000
Asia,,2003,12421000
Asia,,2004,13586000
Asia,,2005,11523000
Asia,,2006,11710000
Asia,,2007,12253000
Asia,,2008,12286000
Asia,,2009,11244000
Asia,,2010,11165000
Asia,,2011,11137000
Asia,,2012,10970000
Asia,,2013,10670000
Asia,,2014,10445000
Asia,,2015,10322000
Asia,,2016,10187000
Asia,,2017,10300000
Asia,,2018,9984000
Asia,,2019,9522000
Asia,,2020,8988000
Asia,,2021,8493000
Asia (FAO),,1961,5890000
Asia (FAO),,1962,6190000
Asia (FAO),,1963,6495000
Asia (FAO),,1964,6825000
Asia (FAO),,1965,7130000
Asia (FAO),,1966,7155000
Asia (FAO),,1967,5155000
Asia (FAO),,1968,6010000
Asia (FAO),,1969,6690000
Asia (FAO),,1970,7270000
Asia (FAO),,1971,9795000
Asia (FAO),,1972,7950000
Asia (FAO),,1973,6210000
Asia (FAO),,1974,5030000
Asia (FAO),,1975,5420000
Asia (FAO),,1976,5790000
Asia (FAO),,1977,5580000
Asia (FAO),,1978,6550000
Asia (FAO),,1979,6675000
Asia (FAO),,1980,7560000
Asia (FAO),,1981,9140000
Asia (FAO),,1982,11170000
Asia (FAO),,1983,12990000
Asia (FAO),,1984,14660000
Asia (FAO),,1985,14310000
Asia (FAO),,1986,14460000
Asia (FAO),,1987,13810000
Asia (FAO),,1988,11727000
Asia (FAO),,1989,11793000
Asia (FAO),,1990,13778000
Asia (FAO),,1991,14329000
Asia (FAO),,1992,16381000
Asia (FAO),,1993,19616000
Asia (FAO),,1994,18128000
Asia (FAO),,1995,17578000
Asia (FAO),,1996,18043000
Asia (FAO),,1997,18338000
Asia (FAO),,1998,15795000
Asia (FAO),,1999,15734000
Asia (FAO),,2000,15489000
Asia (FAO),,2001,14352000
Asia (FAO),,2002,14097000
Asia (FAO),,2003,14589000
Asia (FAO),,2004,16021000
Asia (FAO),,2005,13148000
Asia (FAO),,2006,13287000
Asia (FAO),,2007,13714000
Asia (FAO),,2008,13692000
Asia (FAO),,2009,12521000
Asia (FAO),,2010,12422000
Asia (FAO),,2011,12298000
Asia (FAO),,2012,12144000
Asia (FAO),,2013,11845000
Asia (FAO),,2014,11596000
Asia (FAO),,2015,11467000
Asia (FAO),,2016,11153000
Asia (FAO),,2017,11211000
Asia (FAO),,2018,9985000
Asia (FAO),,2019,9522000
Asia (FAO),,2020,8987000
Asia (FAO),,2021,8493000
Bulgaria,BGR,1991,41000
Bulgaria,BGR,1992,40000
Bulgaria,BGR,1993,38000
Bulgaria,BGR,1994,36000
Bulgaria,BGR,1995,34000
Bulgaria,BGR,1996,33000
Bulgaria,BGR,1997,31000
Bulgaria,BGR,1998,29000
Bulgaria,BGR,1999,28000
Bulgaria,BGR,2000,26000
Bulgaria,BGR,2001,26000
Bulgaria,BGR,2002,36000
Bulgaria,BGR,2003,79000
Bulgaria,BGR,2004,11000
Bulgaria,BGR,2005,23000
Bulgaria,BGR,2006,12000
Bulgaria,BGR,2007,5000
Bulgaria,BGR,2008,19000
Bulgaria,BGR,2009,9000
Bulgaria,BGR,2010,8000
Bulgaria,BGR,2011,8000
Bulgaria,BGR,2012,8000
Bulgaria,BGR,2013,7000
Bulgaria,BGR,2014,7000
Bulgaria,BGR,2015,7000
Bulgaria,BGR,2016,6000
Bulgaria,BGR,2017,6000
China (FAO),,1990,1135000
China (FAO),,1991,1486000
China (FAO),,1992,1548000
China (FAO),,1993,2721000
China (FAO),,1994,1765000
China (FAO),,1995,1685000
China (FAO),,1996,1580000
China (FAO),,1997,1755000
China (FAO),,1998,1487000
China (FAO),,1999,1700000
China (FAO),,2000,1522000
China (FAO),,2001,1231000
China (FAO),,2002,779000
China (FAO),,2003,803000
China (FAO),,2004,2068000
China (FAO),,2005,0
China (FAO),,2006,0
China (FAO),,2007,543000
China (FAO),,2008,561000
China (FAO),,2009,519000
China (FAO),,2010,490000
China (FAO),,2011,462000
China (FAO),,2012,433000
China (FAO),,2013,405000
China (FAO),,2014,262000
China (FAO),,2015,225000
China (FAO),,2016,171000
China (FAO),,2017,106000
China (FAO),,2018,110000
China (FAO),,2019,105000
China (FAO),,2020,103000
China (FAO),,2021,102000
Cyprus,CYP,1961,1010000
Cyprus,CYP,1962,1010000
Cyprus,CYP,1963,1010000
Cyprus,CYP,1964,1040000
Cyprus,CYP,1965,1040000
Cyprus,CYP,1966,1060000
Cyprus,CYP,1967,1060000
Cyprus,CYP,1968,1110000
Cyprus,CYP,1969,1110000
Cyprus,CYP,1970,1160000
Cyprus,CYP,1971,1175000
Cyprus,CYP,1972,1225000
Cyprus,CYP,1973,1280000
Cyprus,CYP,1974,1200000
Cyprus,CYP,1975,1270000
Cyprus,CYP,1976,1330000
Cyprus,CYP,1977,1400000
Cyprus,CYP,1978,1450000
Cyprus,CYP,1979,1575000
Cyprus,CYP,1980,1960000
Cyprus,CYP,1981,3590000
Cyprus,CYP,1982,4770000
Cyprus,CYP,1983,7490000
Cyprus,CYP,1984,9560000
Cyprus,CYP,1985,9810000
Cyprus,CYP,1986,9660000
Cyprus,CYP,1987,8510000
Cyprus,CYP,1988,5960000
Cyprus,CYP,1989,5360000
Cyprus,CYP,1990,4960000
Cyprus,CYP,1991,4510000
Cyprus,CYP,1992,3950000
Cyprus,CYP,1993,2862000
Cyprus,CYP,1994,2430000
Cyprus,CYP,1995,2460000
Cyprus,CYP,1996,2350000
Cyprus,CYP,1997,2270000
Cyprus,CYP,1998,2390000
Cyprus,CYP,1999,2016000
Cyprus,CYP,2000,1899000
Cyprus,CYP,2001,1873000
Cyprus,CYP,2002,2060000
Cyprus,CYP,2003,2168000
Cyprus,CYP,2004,2435000
Cyprus,CYP,2005,1625000
Cyprus,CYP,2006,1577000
Cyprus,CYP,2007,1461000
Cyprus,CYP,2008,1406000
Cyprus,CYP,2009,1277000
Cyprus,CYP,2010,1257000
Cyprus,CYP,2011,1161000
Cyprus,CYP,2012,1173000
Cyprus,CYP,2013,1175000
Cyprus,CYP,2014,1152000
Cyprus,CYP,2015,1146000
Cyprus,CYP,2016,966000
Cyprus,CYP,2017,910000
Eastern Asia (FAO),,1990,1135000
Eastern Asia (FAO),,1991,1486000
Eastern Asia (FAO),,1992,1548000
Eastern Asia (FAO),,1993,2721000
Eastern Asia (FAO),,1994,1765000
Eastern Asia (FAO),,1995,1685000
Eastern Asia (FAO),,1996,1580000
Eastern Asia (FAO),,1997,1755000
Eastern Asia (FAO),,1998,1487000
Eastern Asia (FAO),,1999,1700000
Eastern Asia (FAO),,2000,1522000
Eastern Asia (FAO),,2001,1231000
Eastern Asia (FAO),,2002,779000
Eastern Asia (FAO),,2003,803000
Eastern Asia (FAO),,2004,2068000
Eastern Asia (FAO),,2005,0
Eastern Asia (FAO),,2006,0
Eastern Asia (FAO),,2007,543000
Eastern Asia (FAO),,2008,561000
Eastern Asia (FAO),,2009,519000
Eastern Asia (FAO),,2010,490000
Eastern Asia (FAO),,2011,462000
Eastern Asia (FAO),,2012,433000
Eastern Asia (FAO),,2013,405000
Eastern Asia (FAO),,2014,262000
Eastern Asia (FAO),,2015,225000
Eastern Asia (FAO),,2016,171000
Eastern Asia (FAO),,2017,106000
Eastern Asia (FAO),,2018,110000
Eastern Asia (FAO),,2019,105000
Eastern Asia (FAO),,2020,103000
Eastern Asia (FAO),,2021,102000
Eastern Europe (FAO),,1991,41000
Eastern Europe (FAO),,1992,40000
Eastern Europe (FAO),,1993,38000
Eastern Europe (FAO),,1994,36000
Eastern Europe (FAO),,1995,34000
Eastern Europe (FAO),,1996,33000
Eastern Europe (FAO),,1997,31000
Eastern Europe (FAO),,1998,29000
Eastern Europe (FAO),,1999,28000
Eastern Europe (FAO),,2000,26000
Eastern Europe (FAO),,2001,26000
Eastern Europe (FAO),,2002,36000
Eastern Europe (FAO),,2003,79000
Eastern Europe (FAO),,2004,11000
Eastern Europe (FAO),,2005,23000
Eastern Europe (FAO),,2006,12000
Eastern Europe (FAO),,2007,5000
Eastern Europe (FAO),,2008,19000
Eastern Europe (FAO),,2009,9000
Eastern Europe (FAO),,2010,8000
Eastern Europe (FAO),,2011,8000
Eastern Europe (FAO),,2012,8000
Eastern Europe (FAO),,2013,7000
Eastern Europe (FAO),,2014,7000
Eastern Europe (FAO),,2015,7000
Eastern Europe (FAO),,2016,6000
Eastern Europe (FAO),,2017,6000
Egypt,EGY,1961,18000000
Egypt,EGY,1962,18000000
Egypt,EGY,1963,17500000
Egypt,EGY,1964,17500000
Egypt,EGY,1965,17000000
Egypt,EGY,1966,16500000
Egypt,EGY,1967,16000000
Egypt,EGY,1968,15000000
Egypt,EGY,1969,14000000
Egypt,EGY,1970,13000000
Egypt,EGY,1971,13000000
Egypt,EGY,1972,12000000
Egypt,EGY,1973,11500000
Egypt,EGY,1974,10800000
Egypt,EGY,1975,10000000
Egypt,EGY,1976,9300000
Egypt,EGY,1977,8600000
Egypt,EGY,1978,7850000
Egypt,EGY,1979,7000000
Egypt,EGY,1980,7200000
Egypt,EGY,1981,11000000
Egypt,EGY,1982,16500000
Egypt,EGY,1983,24000000
Egypt,EGY,1984,27500000
Egypt,EGY,1985,28300000
Egypt,EGY,1986,29000000
Egypt,EGY,1987,30000000
Egypt,EGY,1988,31000000
Egypt,EGY,1989,32000000
Egypt,EGY,1990,32500000
Egypt,EGY,1991,33750000
Egypt,EGY,1992,34700000
Egypt,EGY,1993,35700000
Egypt,EGY,1994,35750000
Egypt,EGY,1995,37375000
Egypt,EGY,1996,39000000
Egypt,EGY,1997,40000000
Egypt,EGY,1998,41000000
Egypt,EGY,1999,42250000
Egypt,EGY,2000,42500000
Egypt,EGY,2001,42750000
Egypt,EGY,2002,43000000
Egypt,EGY,2003,43000000
Egypt,EGY,2004,43000000
Egypt,EGY,2005,43000000
Egypt,EGY,2006,43000000
Egypt,EGY,2007,43000000
Egypt,EGY,2008,43000000
Egypt,EGY,2009,43000000
Egypt,EGY,2010,43100000
Egypt,EGY,2011,43100000
Egypt,EGY,2012,44800000
Egypt,EGY,2013,47752000
Egypt,EGY,2014,45477000
Egypt,EGY,2015,44349000
Egypt,EGY,2016,45040000
Egypt,EGY,2017,45430000
Egypt,EGY,2018,44564000
Egypt,EGY,2019,44058000
Egypt,EGY,2020,43715000
Egypt,EGY,2021,43170000
Estonia,EST,1992,0
Estonia,EST,1993,0
Estonia,EST,1994,0
Estonia,EST,1995,0
Estonia,EST,1996,0
Estonia,EST,1997,0
Estonia,EST,1998,0
Estonia,EST,1999,0
Estonia,EST,2000,0
Estonia,EST,2001,0
Estonia,EST,2002,0
Estonia,EST,2003,0
Estonia,EST,2004,0
Estonia,EST,2005,0
Estonia,EST,2006,0
Estonia,EST,2007,0
Estonia,EST,2008,0
Estonia,EST,2009,0
Estonia,EST,2010,0
Estonia,EST,2011,0
Estonia,EST,2012,0
Estonia,EST,2013,0
Estonia,EST,2014,0
Estonia,EST,2015,0
Estonia,EST,2016,0
Estonia,EST,2017,0
Europe,,1961,1010000
Europe,,1962,1010000
Europe,,1963,1010000
Europe,,1964,1040000
Europe,,1965,1040000
Europe,,1966,1060000
Europe,,1967,1060000
Europe,,1968,1110000
Europe,,1969,1110000
Europe,,1970,1160000
Europe,,1971,1175000
Europe,,1972,1225000
Europe,,1973,1280000
Europe,,1974,1200000
Europe,,1975,1270000
Europe,,1976,1330000
Europe,,1977,4400000
Europe,,1978,1450000
Europe,,1979,1575000
Europe,,1980,1960000
Europe,,1981,3590000
Europe,,1982,4770000
Europe,,1983,7490000
Europe,,1984,9560000
Europe,,1985,9810000
Europe,,1986,9660000
Europe,,1987,8510000
Europe,,1988,7960000
Europe,,1989,7360000
Europe,,1990,7460000
Europe,,1991,7551000
Europe,,1992,6990000
Europe,,1993,6400000
Europe,,1994,5886000
Europe,,1995,6290000
Europe,,1996,6319000
Europe,,1997,6271000
Europe,,1998,7074000
Europe,,1999,7044000
Europe,,2000,7925000
Europe,,2001,7899000
Europe,,2002,7096000
Europe,,2003,7247000
Europe,,2004,7446000
Europe,,2005,7148000
Europe,,2006,7089000
Europe,,2007,7466000
Europe,,2008,6925000
Europe,,2009,6286000
Europe,,2010,5765000
Europe,,2011,5669000
Europe,,2012,5681000
Europe,,2013,5682000
Europe,,2014,5659000
Europe,,2015,5565000
Europe,,2016,5332000
Europe,,2017,5347000
Europe,,2018,0
Europe,,2019,0
Europe,,2020,0
Europe,,2021,0
Europe (FAO),,1977,3000000
Europe (FAO),,1988,2000000
Europe (FAO),,1989,2000000
Europe (FAO),,1990,2500000
Europe (FAO),,1991,3041000
Europe (FAO),,1992,3040000
Europe (FAO),,1993,3538000
Europe (FAO),,1994,3456000
Europe (FAO),,1995,3830000
Europe (FAO),,1996,3969000
Europe (FAO),,1997,4001000
Europe (FAO),,1998,4684000
Europe (FAO),,1999,5028000
Europe (FAO),,2000,6026000
Europe (FAO),,2001,6026000
Europe (FAO),,2002,5036000
Europe (FAO),,2003,5079000
Europe (FAO),,2004,5011000
Europe (FAO),,2005,5523000
Europe (FAO),,2006,5512000
Europe (FAO),,2007,6005000
Europe (FAO),,2008,5519000
Europe (FAO),,2009,5009000
Europe (FAO),,2010,4508000
Europe (FAO),,2011,4508000
Europe (FAO),,2012,4508000
Europe (FAO),,2013,4507000
Europe (FAO),,2014,4507000
Europe (FAO),,2015,4419000
Europe (FAO),,2016,4366000
Europe (FAO),,2017,4438000
European Union (27),,1961,1010000
European Union (27),,1962,1010000
European Union (27),,1963,1010000
European Union (27),,1964,1040000
European Union (27),,1965,1040000
European Union (27),,1966,1060000
European Union (27),,1967,1060000
European Union (27),,1968,1110000
European Union (27),,1969,1110000
European Union (27),,1970,1160000
European Union (27),,1971,1175000
European Union (27),,1972,1225000
European Union (27),,1973,1280000
European Union (27),,1974,1200000
European Union (27),,1975,1270000
European Union (27),,1976,1330000
European Union (27),,1977,4400000
European Union (27),,1978,1450000
European Union (27),,1979,1575000
European Union (27),,1980,1960000
European Union (27),,1981,3590000
European Union (27),,1982,4770000
European Union (27),,1983,7490000
European Union (27),,1984,9560000
European Union (27),,1985,9810000
European Union (27),,1986,9660000
European Union (27),,1987,8510000
European Union (27),,1988,7960000
European Union (27),,1989,7360000
European Union (27),,1990,7460000
European Union (27),,1991,7551000
European Union (27),,1992,6990000
European Union (27),,1993,6400000
European Union (27),,1994,5886000
European Union (27),,1995,6290000
European Union (27),,1996,6319000
European Union (27),,1997,6271000
European Union (27),,1998,7074000
European Union (27),,1999,7044000
European Union (27),,2000,7925000
European Union (27),,2001,7899000
European Union (27),,2002,7096000
European Union (27),,2003,7247000
European Union (27),,2004,7446000
European Union (27),,2005,7148000
European Union (27),,2006,7089000
European Union (27),,2007,7466000
European Union (27),,2008,6925000
European Union (27),,2009,6286000
European Union (27),,2010,5765000
European Union (27),,2011,5669000
European Union (27),,2012,5681000
European Union (27),,2013,5682000
European Union (27),,2014,5659000
European Union (27),,2015,5565000
European Union (27),,2016,5332000
European Union (27),,2017,5347000
European Union (27) (FAO),,1961,1010000
European Union (27) (FAO),,1962,1010000
European Union (27) (FAO),,1963,1010000
European Union (27) (FAO),,1964,1040000
European Union (27) (FAO),,1965,1040000
European Union (27) (FAO),,1966,1060000
European Union (27) (FAO),,1967,1060000
European Union (27) (FAO),,1968,1110000
European Union (27) (FAO),,1969,1110000
European Union (27) (FAO),,1970,1160000
European Union (27) (FAO),,1971,1175000
European Union (27) (FAO),,1972,1225000
European Union (27) (FAO),,1973,1280000
European Union (27) (FAO),,1974,1200000
European Union (27) (FAO),,1975,1270000
European Union (27) (FAO),,1976,1330000
European Union (27) (FAO),,1977,4400000
European Union (27) (FAO),,1978,1450000
European Union (27) (FAO),,1979,1575000
European Union (27) (FAO),,1980,1960000
European Union (27) (FAO),,1981,3590000
European Union (27) (FAO),,1982,4770000
European Union (27) (FAO),,1983,7490000
European Union (27) (FAO),,1984,9560000
European Union (27) (FAO),,1985,9810000
European Union (27) (FAO),,1986,9660000
European Union (27) (FAO),,1987,8510000
European Union (27) (FAO),,1988,7960000
European Union (27) (FAO),,1989,7360000
European Union (27) (FAO),,1990,7460000
European Union (27) (FAO),,1991,7551000
European Union (27) (FAO),,1992,6990000
European Union (27) (FAO),,1993,6400000
European Union (27) (FAO),,1994,5886000
European Union (27) (FAO),,1995,6290000
European Union (27) (FAO),,1996,6319000
European Union (27) (FAO),,1997,6271000
European Union (27) (FAO),,1998,7074000
European Union (27) (FAO),,1999,7044000
European Union (27) (FAO),,2000,7925000
European Union (27) (FAO),,2001,7899000
European Union (27) (FAO),,2002,7096000
European Union (27) (FAO),,2003,7247000
European Union (27) (FAO),,2004,7446000
European Union (27) (FAO),,2005,7148000
European Union (27) (FAO),,2006,7089000
European Union (27) (FAO),,2007,7466000
European Union (27) (FAO),,2008,6925000
European Union (27) (FAO),,2009,6286000
European Union (27) (FAO),,2010,5765000
European Union (27) (FAO),,2011,5669000
European Union (27) (FAO),,2012,5681000
European Union (27) (FAO),,2013,5682000
European Union (27) (FAO),,2014,5659000
European Union (27) (FAO),,2015,5565000
European Union (27) (FAO),,2016,5332000
European Union (27) (FAO),,2017,5348000
France,FRA,1977,3000000
France,FRA,1988,2000000
France,FRA,1989,2000000
France,FRA,1990,2500000
France,FRA,1991,3000000
France,FRA,1992,3000000
France,FRA,1993,3500000
France,FRA,1994,3420000
France,FRA,1995,3796000
France,FRA,1996,3936000
France,FRA,1997,3970000
France,FRA,1998,4655000
France,FRA,1999,5000000
France,FRA,2000,6000000
France,FRA,2001,6000000
France,FRA,2002,5000000
France,FRA,2003,5000000
France,FRA,2004,5000000
France,FRA,2005,5500000
France,FRA,2006,5500000
France,FRA,2007,6000000
France,FRA,2008,5500000
France,FRA,2009,5000000
France,FRA,2010,4500000
France,FRA,2011,4500000
France,FRA,2012,4500000
France,FRA,2013,4500000
France,FRA,2014,4500000
France,FRA,2015,4412000
France,FRA,2016,4360000
France,FRA,2017,4431000
High-income countries,,1961,1010000
High-income countries,,1962,1010000
High-income countries,,1963,1010000
High-income countries,,1964,1040000
High-income countries,,1965,1040000
High-income countries,,1966,1060000
High-income countries,,1967,1060000
High-income countries,,1968,1110000
High-income countries,,1969,1110000
High-income countries,,1970,1160000
High-income countries,,1971,1175000
High-income countries,,1972,1225000
High-income countries,,1973,1280000
High-income countries,,1974,1200000
High-income countries,,1975,1270000
High-income countries,,1976,1330000
High-income countries,,1977,4400000
High-income countries,,1978,1450000
High-income countries,,1979,1575000
High-income countries,,1980,1960000
High-income countries,,1981,3590000
High-income countries,,1982,4770000
High-income countries,,1983,7490000
High-income countries,,1984,9560000
High-income countries,,1985,9810000
High-income countries,,1986,9660000
High-income countries,,1987,8510000
High-income countries,,1988,8377000
High-income countries,,1989,8193000
High-income countries,,1990,10678000
High-income countries,,1991,12329000
High-income countries,,1992,14331000
High-income countries,,1993,17416000
High-income countries,,1994,15948000
High-income countries,,1995,16274000
High-income countries,,1996,16199000
High-income countries,,1997,16328000
High-income countries,,1998,14365000
High-income countries,,1999,14549000
High-income countries,,2000,15254000
High-income countries,,2001,14937000
High-income countries,,2002,13672000
High-income countries,,2003,13804000
High-income countries,,2004,15336000
High-income countries,,2005,12958000
High-income countries,,2006,12777000
High-income countries,,2007,13704000
High-income countries,,2008,13167000
High-income countries,,2009,12496000
High-income countries,,2010,11947000
High-income countries,,2011,11823000
High-income countries,,2012,11780000
High-income countries,,2013,11563000
High-income countries,,2014,11315000
High-income countries,,2015,11055000
High-income countries,,2016,10695000
High-income countries,,2017,10833000
High-income countries,,2018,5237000
High-income countries,,2019,4858000
High-income countries,,2020,4381000
High-income countries,,2021,3819000
Italy,ITA,1991,0
Italy,ITA,1992,0
Italy,ITA,1993,0
Italy,ITA,1994,0
Italy,ITA,1995,0
Italy,ITA,1996,0
Italy,ITA,1997,0
Italy,ITA,1998,0
Italy,ITA,1999,0
Italy,ITA,2000,0
Italy,ITA,2001,0
Italy,ITA,2002,0
Italy,ITA,2003,0
Italy,ITA,2004,0
Italy,ITA,2005,0
Italy,ITA,2006,0
Italy,ITA,2007,0
Italy,ITA,2008,0
Italy,ITA,2009,0
Italy,ITA,2010,0
Italy,ITA,2011,0
Italy,ITA,2012,0
Italy,ITA,2013,0
Italy,ITA,2014,0
Italy,ITA,2015,0
Italy,ITA,2016,0
Italy,ITA,2017,0
Least Developed Countries (FAO),,1961,80000
Least Developed Countries (FAO),,1962,80000
Least Developed Countries (FAO),,1963,85000
Least Developed Countries (FAO),,1964,85000
Least Developed Countries (FAO),,1965,90000
Least Developed Countries (FAO),,1966,95000
Least Developed Countries (FAO),,1967,95000
Least Developed Countries (FAO),,1968,100000
Least Developed Countries (FAO),,1969,80000
Least Developed Countries (FAO),,1970,110000
Least Developed Countries (FAO),,1971,120000
Least Developed Countries (FAO),,1972,125000
Least Developed Countries (FAO),,1973,130000
Least Developed Countries (FAO),,1974,130000
Least Developed Countries (FAO),,1975,150000
Least Developed Countries (FAO),,1976,160000
Least Developed Countries (FAO),,1977,180000
Least Developed Countries (FAO),,1978,200000
Least Developed Countries (FAO),,1979,200000
Least Developed Countries (FAO),,1980,200000
Least Developed Countries (FAO),,1981,200000
Least Developed Countries (FAO),,1982,200000
Least Developed Countries (FAO),,1983,200000
Least Developed Countries (FAO),,1984,200000
Least Developed Countries (FAO),,1985,200000
Least Developed Countries (FAO),,1986,200000
Least Developed Countries (FAO),,1987,200000
Least Developed Countries (FAO),,1988,200000
Least Developed Countries (FAO),,1989,200000
Least Developed Countries (FAO),,1990,200000
Least Developed Countries (FAO),,1991,200000
Least Developed Countries (FAO),,1992,200000
Least Developed Countries (FAO),,1993,200000
Least Developed Countries (FAO),,1994,200000
Least Developed Countries (FAO),,1995,200000
Least Developed Countries (FAO),,1996,180000
Least Developed Countries (FAO),,1997,180000
Least Developed Countries (FAO),,1998,185000
Least Developed Countries (FAO),,1999,185000
Least Developed Countries (FAO),,2000,185000
Least Developed Countries (FAO),,2001,185000
Least Developed Countries (FAO),,2002,185000
Least Developed Countries (FAO),,2003,185000
Least Developed Countries (FAO),,2004,185000
Least Developed Countries (FAO),,2005,190000
Least Developed Countries (FAO),,2006,210000
Least Developed Countries (FAO),,2007,210000
Least Developed Countries (FAO),,2008,225000
Least Developed Countries (FAO),,2009,225000
Least Developed Countries (FAO),,2010,225000
Least Developed Countries (FAO),,2011,225000
Least Developed Countries (FAO),,2012,225000
Least Developed Countries (FAO),,2013,225000
Least Developed Countries (FAO),,2014,225000
Least Developed Countries (FAO),,2015,219000
Least Developed Countries (FAO),,2016,217000
Least Developed Countries (FAO),,2017,220000
Least Developed Countries (FAO),,2018,223000
Least Developed Countries (FAO),,2019,220000
Least Developed Countries (FAO),,2020,220000
Least Developed Countries (FAO),,2021,219000
Low Income Food Deficit Countries (FAO),,1961,4800000
Low Income Food Deficit Countries (FAO),,1962,5100000
Low Income Food Deficit Countries (FAO),,1963,5400000
Low Income Food Deficit Countries (FAO),,1964,5700000
Low Income Food Deficit Countries (FAO),,1965,6000000
Low Income Food Deficit Countries (FAO),,1966,6000000
Low Income Food Deficit Countries (FAO),,1967,4000000
Low Income Food Deficit Countries (FAO),,1968,4800000
Low Income Food Deficit Countries (FAO),,1969,5500000
Low Income Food Deficit Countries (FAO),,1970,6000000
Low Income Food Deficit Countries (FAO),,1971,8500000
Low Income Food Deficit Countries (FAO),,1972,6600000
Low Income Food Deficit Countries (FAO),,1973,4800000
Low Income Food Deficit Countries (FAO),,1974,3700000
Low Income Food Deficit Countries (FAO),,1975,4000000
Low Income Food Deficit Countries (FAO),,1976,4300000
Low Income Food Deficit Countries (FAO),,1977,4000000
Low Income Food Deficit Countries (FAO),,1978,4900000
Low Income Food Deficit Countries (FAO),,1979,4900000
Low Income Food Deficit Countries (FAO),,1980,5400000
Low Income Food Deficit Countries (FAO),,1981,5350000
Low Income Food Deficit Countries (FAO),,1982,6200000
Low Income Food Deficit Countries (FAO),,1983,5300000
Low Income Food Deficit Countries (FAO),,1984,4900000
Low Income Food Deficit Countries (FAO),,1985,4300000
Low Income Food Deficit Countries (FAO),,1986,4600000
Low Income Food Deficit Countries (FAO),,1987,5100000
Low Income Food Deficit Countries (FAO),,1988,5150000
Low Income Food Deficit Countries (FAO),,1989,5400000
Low Income Food Deficit Countries (FAO),,1990,5400000
Low Income Food Deficit Countries (FAO),,1991,4800000
Low Income Food Deficit Countries (FAO),,1992,4850000
Low Income Food Deficit Countries (FAO),,1993,5500000
Low Income Food Deficit Countries (FAO),,1994,5400000
Low Income Food Deficit Countries (FAO),,1995,4900000
Low Income Food Deficit Countries (FAO),,1996,5600000
Low Income Food Deficit Countries (FAO),,1997,5800000
Low Income Food Deficit Countries (FAO),,1998,5900000
Low Income Food Deficit Countries (FAO),,1999,6000000
Low Income Food Deficit Countries (FAO),,2000,6050000
Low Income Food Deficit Countries (FAO),,2001,5230000
Low Income Food Deficit Countries (FAO),,2002,5240000
Low Income Food Deficit Countries (FAO),,2003,5600000
Low Income Food Deficit Countries (FAO),,2004,5500000
Low Income Food Deficit Countries (FAO),,2005,5500000
Low Income Food Deficit Countries (FAO),,2006,5800000
Low Income Food Deficit Countries (FAO),,2007,5800000
Low Income Food Deficit Countries (FAO),,2008,5800000
Low Income Food Deficit Countries (FAO),,2009,4800000
Low Income Food Deficit Countries (FAO),,2010,4750000
Low Income Food Deficit Countries (FAO),,2011,4750000
Low Income Food Deficit Countries (FAO),,2012,4638000
Low Income Food Deficit Countries (FAO),,2013,4557000
Low Income Food Deficit Countries (FAO),,2014,4557000
Low Income Food Deficit Countries (FAO),,2015,4606000
Low Income Food Deficit Countries (FAO),,2016,4601000
Low Income Food Deficit Countries (FAO),,2017,4588000
Low Income Food Deficit Countries (FAO),,2018,4524000
Low Income Food Deficit Countries (FAO),,2019,4444000
Low Income Food Deficit Countries (FAO),,2020,4387000
Low Income Food Deficit Countries (FAO),,2021,4455000
Low-income countries,,1961,4800000
Low-income countries,,1962,5100000
Low-income countries,,1963,5400000
Low-income countries,,1964,5700000
Low-income countries,,1965,6000000
Low-income countries,,1966,6000000
Low-income countries,,1967,4000000
Low-income countries,,1968,4800000
Low-income countries,,1969,5500000
Low-income countries,,1970,6000000
Low-income countries,,1971,8500000
Low-income countries,,1972,6600000
Low-income countries,,1973,4800000
Low-income countries,,1974,3700000
Low-income countries,,1975,4000000
Low-income countries,,1976,4300000
Low-income countries,,1977,4000000
Low-income countries,,1978,4900000
Low-income countries,,1979,4900000
Low-income countries,,1980,5400000
Low-income countries,,1981,5350000
Low-income countries,,1982,6200000
Low-income countries,,1983,5300000
Low-income countries,,1984,4900000
Low-income countries,,1985,4300000
Low-income countries,,1986,4600000
Low-income countries,,1987,5100000
Low-income countries,,1988,5150000
Low-income countries,,1989,5400000
Low-income countries,,1990,5400000
Low-income countries,,1991,4800000
Low-income countries,,1992,4850000
Low-income countries,,1993,5500000
Low-income countries,,1994,5400000
Low-income countries,,1995,4900000
Low-income countries,,1996,5600000
Low-income countries,,1997,5800000
Low-income countries,,1998,5900000
Low-income countries,,1999,6000000
Low-income countries,,2000,6050000
Low-income countries,,2001,5230000
Low-income countries,,2002,5240000
Low-income countries,,2003,5600000
Low-income countries,,2004,5500000
Low-income countries,,2005,5500000
Low-income countries,,2006,5800000
Low-income countries,,2007,5800000
Low-income countries,,2008,5800000
Low-income countries,,2009,4800000
Low-income countries,,2010,4750000
Low-income countries,,2011,4750000
Low-income countries,,2012,4638000
Low-income countries,,2013,4557000
Low-income countries,,2014,4557000
Low-income countries,,2015,4606000
Low-income countries,,2016,4601000
Low-income countries,,2017,4588000
Low-income countries,,2018,4524000
Low-income countries,,2019,4444000
Low-income countries,,2020,4387000
Low-income countries,,2021,4455000
Lower-middle-income countries,,1961,18080000
Lower-middle-income countries,,1962,18080000
Lower-middle-income countries,,1963,17585000
Lower-middle-income countries,,1964,17585000
Lower-middle-income countries,,1965,17090000
Lower-middle-income countries,,1966,16595000
Lower-middle-income countries,,1967,16095000
Lower-middle-income countries,,1968,15100000
Lower-middle-income countries,,1969,14080000
Lower-middle-income countries,,1970,13110000
Lower-middle-income countries,,1971,13120000
Lower-middle-income countries,,1972,12125000
Lower-middle-income countries,,1973,11630000
Lower-middle-income countries,,1974,10930000
Lower-middle-income countries,,1975,10150000
Lower-middle-income countries,,1976,9460000
Lower-middle-income countries,,1977,8780000
Lower-middle-income countries,,1978,8050000
Lower-middle-income countries,,1979,7200000
Lower-middle-income countries,,1980,7400000
Lower-middle-income countries,,1981,11200000
Lower-middle-income countries,,1982,16700000
Lower-middle-income countries,,1983,24200000
Lower-middle-income countries,,1984,27700000
Lower-middle-income countries,,1985,28500000
Lower-middle-income countries,,1986,29200000
Lower-middle-income countries,,1987,30200000
Lower-middle-income countries,,1988,31200000
Lower-middle-income countries,,1989,32200000
Lower-middle-income countries,,1990,32700000
Lower-middle-income countries,,1991,33950000
Lower-middle-income countries,,1992,34900000
Lower-middle-income countries,,1993,35900000
Lower-middle-income countries,,1994,35950000
Lower-middle-income countries,,1995,37575000
Lower-middle-income countries,,1996,39180000
Lower-middle-income countries,,1997,40180000
Lower-middle-income countries,,1998,41185000
Lower-middle-income countries,,1999,42435000
Lower-middle-income countries,,2000,42685000
Lower-middle-income countries,,2001,42935000
Lower-middle-income countries,,2002,43185000
Lower-middle-income countries,,2003,43185000
Lower-middle-income countries,,2004,43185000
Lower-middle-income countries,,2005,43190000
Lower-middle-income countries,,2006,43210000
Lower-middle-income countries,,2007,43210000
Lower-middle-income countries,,2008,43225000
Lower-middle-income countries,,2009,43225000
Lower-middle-income countries,,2010,43325000
Lower-middle-income countries,,2011,43325000
Lower-middle-income countries,,2012,45025000
Lower-middle-income countries,,2013,47977000
Lower-middle-income countries,,2014,45702000
Lower-middle-income countries,,2015,44568000
Lower-middle-income countries,,2016,45257000
Lower-middle-income countries,,2017,45650000
Lower-middle-income countries,,2018,44787000
Lower-middle-income countries,,2019,44278000
Lower-middle-income countries,,2020,43935000
Lower-middle-income countries,,2021,43389000
Macao,MAC,1990,1135000
Macao,MAC,1991,1486000
Macao,MAC,1992,1548000
Macao,MAC,1993,2721000
Macao,MAC,1994,1765000
Macao,MAC,1995,1685000
Macao,MAC,1996,1580000
Macao,MAC,1997,1755000
Macao,MAC,1998,1487000
Macao,MAC,1999,1700000
Macao,MAC,2000,1522000
Macao,MAC,2001,1231000
Macao,MAC,2002,779000
Macao,MAC,2003,803000
Macao,MAC,2004,2068000
Macao,MAC,2005,0
Macao,MAC,2006,0
Macao,MAC,2007,543000
Macao,MAC,2008,561000
Macao,MAC,2009,519000
Macao,MAC,2010,490000
Macao,MAC,2011,462000
Macao,MAC,2012,433000
Macao,MAC,2013,405000
Macao,MAC,2014,262000
Macao,MAC,2015,225000
Macao,MAC,2016,171000
Macao,MAC,2017,106000
Macao,MAC,2018,110000
Macao,MAC,2019,105000
Macao,MAC,2020,103000
Macao,MAC,2021,102000
Myanmar,MMR,1961,80000
Myanmar,MMR,1962,80000
Myanmar,MMR,1963,85000
Myanmar,MMR,1964,85000
Myanmar,MMR,1965,90000
Myanmar,MMR,1966,95000
Myanmar,MMR,1967,95000
Myanmar,MMR,1968,100000
Myanmar,MMR,1969,80000
Myanmar,MMR,1970,110000
Myanmar,MMR,1971,120000
Myanmar,MMR,1972,125000
Myanmar,MMR,1973,130000
Myanmar,MMR,1974,130000
Myanmar,MMR,1975,150000
Myanmar,MMR,1976,160000
Myanmar,MMR,1977,180000
Myanmar,MMR,1978,200000
Myanmar,MMR,1979,200000
Myanmar,MMR,1980,200000
Myanmar,MMR,1981,200000
Myanmar,MMR,1982,200000
Myanmar,MMR,1983,200000
Myanmar,MMR,1984,200000
Myanmar,MMR,1985,200000
Myanmar,MMR,1986,200000
Myanmar,MMR,1987,200000
Myanmar,MMR,1988,200000
Myanmar,MMR,1989,200000
Myanmar,MMR,1990,200000
Myanmar,MMR,1991,200000
Myanmar,MMR,1992,200000
Myanmar,MMR,1993,200000
Myanmar,MMR,1994,200000
Myanmar,MMR,1995,200000
Myanmar,MMR,1996,180000
Myanmar,MMR,1997,180000
Myanmar,MMR,1998,185000
Myanmar,MMR,1999,185000
Myanmar,MMR,2000,185000
Myanmar,MMR,2001,185000
Myanmar,MMR,2002,185000
Myanmar,MMR,2003,185000
Myanmar,MMR,2004,185000
Myanmar,MMR,2005,190000
Myanmar,MMR,2006,210000
Myanmar,MMR,2007,210000
Myanmar,MMR,2008,225000
Myanmar,MMR,2009,225000
Myanmar,MMR,2010,225000
Myanmar,MMR,2011,225000
Myanmar,MMR,2012,225000
Myanmar,MMR,2013,225000
Myanmar,MMR,2014,225000
Myanmar,MMR,2015,219000
Myanmar,MMR,2016,217000
Myanmar,MMR,2017,220000
Myanmar,MMR,2018,223000
Myanmar,MMR,2019,220000
Myanmar,MMR,2020,220000
Myanmar,MMR,2021,219000
Namibia,NAM,1991,1000
Namibia,NAM,1992,1000
Namibia,NAM,1993,1000
Namibia,NAM,1994,1000
Namibia,NAM,1995,5000
Namibia,NAM,1996,13000
Namibia,NAM,1997,21000
Namibia,NAM,1998,15000
Namibia,NAM,1999,21000
Namibia,NAM,2000,28000
Namibia,NAM,2001,35000
Namibia,NAM,2002,41000
Namibia,NAM,2003,50000
Namibia,NAM,2004,53000
Namibia,NAM,2005,55000
Namibia,NAM,2006,58000
Namibia,NAM,2007,65000
Namibia,NAM,2008,70000
Namibia,NAM,2009,75000
Namibia,NAM,2010,81000
Namibia,NAM,2011,81000
Namibia,NAM,2012,81000
Namibia,NAM,2013,84000
Namibia,NAM,2014,88000
Namibia,NAM,2015,88000
Namibia,NAM,2016,87000
Namibia,NAM,2017,89000
Namibia,NAM,2018,92000
Namibia,NAM,2019,95000
Namibia,NAM,2020,99000
Namibia,NAM,2021,103000
Net Food Importing Developing Countries (FAO),,1961,18080000
Net Food Importing Developing Countries (FAO),,1962,18080000
Net Food Importing Developing Countries (FAO),,1963,17585000
Net Food Importing Developing Countries (FAO),,1964,17585000
Net Food Importing Developing Countries (FAO),,1965,17090000
Net Food Importing Developing Countries (FAO),,1966,16595000
Net Food Importing Developing Countries (FAO),,1967,16095000
Net Food Importing Developing Countries (FAO),,1968,15100000
Net Food Importing Developing Countries (FAO),,1969,14080000
Net Food Importing Developing Countries (FAO),,1970,13110000
Net Food Importing Developing Countries (FAO),,1971,13120000
Net Food Importing Developing Countries (FAO),,1972,12125000
Net Food Importing Developing Countries (FAO),,1973,11630000
Net Food Importing Developing Countries (FAO),,1974,10930000
Net Food Importing Developing Countries (FAO),,1975,10150000
Net Food Importing Developing Countries (FAO),,1976,9460000
Net Food Importing Developing Countries (FAO),,1977,8780000
Net Food Importing Developing Countries (FAO),,1978,8050000
Net Food Importing Developing Countries (FAO),,1979,7200000
Net Food Importing Developing Countries (FAO),,1980,7400000
Net Food Importing Developing Countries (FAO),,1981,11200000
Net Food Importing Developing Countries (FAO),,1982,16700000
Net Food Importing Developing Countries (FAO),,1983,24200000
Net Food Importing Developing Countries (FAO),,1984,27700000
Net Food Importing Developing Countries (FAO),,1985,28500000
Net Food Importing Developing Countries (FAO),,1986,29200000
Net Food Importing Developing Countries (FAO),,1987,30200000
Net Food Importing Developing Countries (FAO),,1988,31200000
Net Food Importing Developing Countries (FAO),,1989,32200000
Net Food Importing Developing Countries (FAO),,1990,32700000
Net Food Importing Developing Countries (FAO),,1991,33951000
Net Food Importing Developing Countries (FAO),,1992,34901000
Net Food Importing Developing Countries (FAO),,1993,35901000
Net Food Importing Developing Countries (FAO),,1994,35951000
Net Food Importing Developing Countries (FAO),,1995,37580000
Net Food Importing Developing Countries (FAO),,1996,39193000
Net Food Importing Developing Countries (FAO),,1997,40201000
Net Food Importing Developing Countries (FAO),,1998,41200000
Net Food Importing Developing Countries (FAO),,1999,42456000
Net Food Importing Developing Countries (FAO),,2000,42713000
Net Food Importing Developing Countries (FAO),,2001,42970000
Net Food Importing Developing Countries (FAO),,2002,43226000
Net Food Importing Developing Countries (FAO),,2003,43235000
Net Food Importing Developing Countries (FAO),,2004,43238000
Net Food Importing Developing Countries (FAO),,2005,43245000
Net Food Importing Developing Countries (FAO),,2006,43268000
Net Food Importing Developing Countries (FAO),,2007,43275000
Net Food Importing Developing Countries (FAO),,2008,43295000
Net Food Importing Developing Countries (FAO),,2009,43300000
Net Food Importing Developing Countries (FAO),,2010,43406000
Net Food Importing Developing Countries (FAO),,2011,43406000
Net Food Importing Developing Countries (FAO),,2012,45106000
Net Food Importing Developing Countries (FAO),,2013,48061000
Net Food Importing Developing Countries (FAO),,2014,45790000
Net Food Importing Developing Countries (FAO),,2015,44656000
Net Food Importing Developing Countries (FAO),,2016,45343000
Net Food Importing Developing Countries (FAO),,2017,45739000
Net Food Importing Developing Countries (FAO),,2018,44880000
Net Food Importing Developing Countries (FAO),,2019,44373000
Net Food Importing Developing Countries (FAO),,2020,44034000
Net Food Importing Developing Countries (FAO),,2021,43492000
Northern Africa (FAO),,1961,18000000
Northern Africa (FAO),,1962,18000000
Northern Africa (FAO),,1963,17500000
Northern Africa (FAO),,1964,17500000
Northern Africa (FAO),,1965,17000000
Northern Africa (FAO),,1966,16500000
Northern Africa (FAO),,1967,16000000
Northern Africa (FAO),,1968,15000000
Northern Africa (FAO),,1969,14000000
Northern Africa (FAO),,1970,13000000
Northern Africa (FAO),,1971,13000000
Northern Africa (FAO),,1972,12000000
Northern Africa (FAO),,1973,11500000
Northern Africa (FAO),,1974,10800000
Northern Africa (FAO),,1975,10000000
Northern Africa (FAO),,1976,9300000
Northern Africa (FAO),,1977,8600000
Northern Africa (FAO),,1978,7850000
Northern Africa (FAO),,1979,7000000
Northern Africa (FAO),,1980,7200000
Northern Africa (FAO),,1981,11000000
Northern Africa (FAO),,1982,16500000
Northern Africa (FAO),,1983,24000000
Northern Africa (FAO),,1984,27500000
Northern Africa (FAO),,1985,28300000
Northern Africa (FAO),,1986,29000000
Northern Africa (FAO),,1987,30000000
Northern Africa (FAO),,1988,31000000
Northern Africa (FAO),,1989,32000000
Northern Africa (FAO),,1990,32500000
Northern Africa (FAO),,1991,33750000
Northern Africa (FAO),,1992,34700000
Northern Africa (FAO),,1993,35700000
Northern Africa (FAO),,1994,35750000
Northern Africa (FAO),,1995,37375000
Northern Africa (FAO),,1996,39000000
Northern Africa (FAO),,1997,40000000
Northern Africa (FAO),,1998,41000000
Northern Africa (FAO),,1999,42250000
Northern Africa (FAO),,2000,42500000
Northern Africa (FAO),,2001,42750000
Northern Africa (FAO),,2002,43000000
Northern Africa (FAO),,2003,43000000
Northern Africa (FAO),,2004,43000000
Northern Africa (FAO),,2005,43000000
Northern Africa (FAO),,2006,43000000
Northern Africa (FAO),,2007,43000000
Northern Africa (FAO),,2008,43000000
Northern Africa (FAO),,2009,43000000
Northern Africa (FAO),,2010,43100000
Northern Africa (FAO),,2011,43100000
Northern Africa (FAO),,2012,44800000
Northern Africa (FAO),,2013,47752000
Northern Africa (FAO),,2014,45477000
Northern Africa (FAO),,2015,44349000
Northern Africa (FAO),,2016,45040000
Northern Africa (FAO),,2017,45430000
Northern Africa (FAO),,2018,44564000
Northern Africa (FAO),,2019,44058000
Northern Africa (FAO),,2020,43715000
Northern Africa (FAO),,2021,43170000
Russia,RUS,1992,0
Russia,RUS,1993,0
Russia,RUS,1994,0
Russia,RUS,1995,0
Russia,RUS,1996,0
Russia,RUS,1997,0
Russia,RUS,1998,0
Russia,RUS,2014,0
Russia,RUS,2015,0
Russia,RUS,2016,0
Russia,RUS,2017,0
Russia,RUS,2018,0
Russia,RUS,2019,0
Russia,RUS,2020,0
Russia,RUS,2021,0
Saudi Arabia,SAU,1961,0
Saudi Arabia,SAU,1962,0
Saudi Arabia,SAU,1963,0
Saudi Arabia,SAU,1964,0
Saudi Arabia,SAU,1965,0
Saudi Arabia,SAU,1966,0
Saudi Arabia,SAU,1967,0
Saudi Arabia,SAU,1968,0
Saudi Arabia,SAU,1969,0
Saudi Arabia,SAU,1970,0
Saudi Arabia,SAU,1971,0
Saudi Arabia,SAU,1972,0
Saudi Arabia,SAU,1973,0
Saudi Arabia,SAU,1974,0
Saudi Arabia,SAU,1975,0
Saudi Arabia,SAU,1976,0
Saudi Arabia,SAU,1977,0
Saudi Arabia,SAU,1978,0
Saudi Arabia,SAU,1979,0
Saudi Arabia,SAU,1980,0
Saudi Arabia,SAU,1981,0
Saudi Arabia,SAU,1982,0
Saudi Arabia,SAU,1983,0
Saudi Arabia,SAU,1984,0
Saudi Arabia,SAU,1985,0
Saudi Arabia,SAU,1986,0
Saudi Arabia,SAU,1987,0
Saudi Arabia,SAU,1988,417000
Saudi Arabia,SAU,1989,833000
Saudi Arabia,SAU,1990,2083000
Saudi Arabia,SAU,1991,3333000
Saudi Arabia,SAU,1992,5833000
Saudi Arabia,SAU,1993,8333000
Saudi Arabia,SAU,1994,8333000
Saudi Arabia,SAU,1995,8333000
Saudi Arabia,SAU,1996,8333000
Saudi Arabia,SAU,1997,8333000
Saudi Arabia,SAU,1998,5833000
Saudi Arabia,SAU,1999,5833000
Saudi Arabia,SAU,2000,5833000
Saudi Arabia,SAU,2001,5833000
Saudi Arabia,SAU,2002,5833000
Saudi Arabia,SAU,2003,5833000
Saudi Arabia,SAU,2004,5833000
Saudi Arabia,SAU,2005,5833000
Saudi Arabia,SAU,2006,5700000
Saudi Arabia,SAU,2007,5700000
Saudi Arabia,SAU,2008,5700000
Saudi Arabia,SAU,2009,5700000
Saudi Arabia,SAU,2010,5700000
Saudi Arabia,SAU,2011,5700000
Saudi Arabia,SAU,2012,5674000
Saudi Arabia,SAU,2013,5483000
Saudi Arabia,SAU,2014,5401000
Saudi Arabia,SAU,2015,5272000
Saudi Arabia,SAU,2016,5198000
Saudi Arabia,SAU,2017,5386000
Saudi Arabia,SAU,2018,5127000
Saudi Arabia,SAU,2019,4753000
Saudi Arabia,SAU,2020,4278000
Saudi Arabia,SAU,2021,3717000
South-eastern Asia (FAO),,1961,80000
South-eastern Asia (FAO),,1962,80000
South-eastern Asia (FAO),,1963,85000
South-eastern Asia (FAO),,1964,85000
South-eastern Asia (FAO),,1965,90000
South-eastern Asia (FAO),,1966,95000
South-eastern Asia (FAO),,1967,95000
South-eastern Asia (FAO),,1968,100000
South-eastern Asia (FAO),,1969,80000
South-eastern Asia (FAO),,1970,110000
South-eastern Asia (FAO),,1971,120000
South-eastern Asia (FAO),,1972,125000
South-eastern Asia (FAO),,1973,130000
South-eastern Asia (FAO),,1974,130000
South-eastern Asia (FAO),,1975,150000
South-eastern Asia (FAO),,1976,160000
South-eastern Asia (FAO),,1977,180000
South-eastern Asia (FAO),,1978,200000
South-eastern Asia (FAO),,1979,200000
South-eastern Asia (FAO),,1980,200000
South-eastern Asia (FAO),,1981,200000
South-eastern Asia (FAO),,1982,200000
South-eastern Asia (FAO),,1983,200000
South-eastern Asia (FAO),,1984,200000
South-eastern Asia (FAO),,1985,200000
South-eastern Asia (FAO),,1986,200000
South-eastern Asia (FAO),,1987,200000
South-eastern Asia (FAO),,1988,200000
South-eastern Asia (FAO),,1989,200000
South-eastern Asia (FAO),,1990,200000
South-eastern Asia (FAO),,1991,200000
South-eastern Asia (FAO),,1992,200000
South-eastern Asia (FAO),,1993,200000
South-eastern Asia (FAO),,1994,200000
South-eastern Asia (FAO),,1995,200000
South-eastern Asia (FAO),,1996,180000
South-eastern Asia (FAO),,1997,180000
South-eastern Asia (FAO),,1998,185000
South-eastern Asia (FAO),,1999,185000
South-eastern Asia (FAO),,2000,185000
South-eastern Asia (FAO),,2001,185000
South-eastern Asia (FAO),,2002,185000
South-eastern Asia (FAO),,2003,185000
South-eastern Asia (FAO),,2004,185000
South-eastern Asia (FAO),,2005,190000
South-eastern Asia (FAO),,2006,210000
South-eastern Asia (FAO),,2007,210000
South-eastern Asia (FAO),,2008,225000
South-eastern Asia (FAO),,2009,225000
South-eastern Asia (FAO),,2010,225000
South-eastern Asia (FAO),,2011,225000
South-eastern Asia (FAO),,2012,225000
South-eastern Asia (FAO),,2013,225000
South-eastern Asia (FAO),,2014,225000
South-eastern Asia (FAO),,2015,219000
South-eastern Asia (FAO),,2016,217000
South-eastern Asia (FAO),,2017,220000
South-eastern Asia (FAO),,2018,223000
South-eastern Asia (FAO),,2019,220000
South-eastern Asia (FAO),,2020,220000
South-eastern Asia (FAO),,2021,219000
Southern Africa (FAO),,1991,1000
Southern Africa (FAO),,1992,1000
Southern Africa (FAO),,1993,1000
Southern Africa (FAO),,1994,1000
Southern Africa (FAO),,1995,5000
Southern Africa (FAO),,1996,13000
Southern Africa (FAO),,1997,21000
Southern Africa (FAO),,1998,15000
Southern Africa (FAO),,1999,21000
Southern Africa (FAO),,2000,28000
Southern Africa (FAO),,2001,35000
Southern Africa (FAO),,2002,41000
Southern Africa (FAO),,2003,50000
Southern Africa (FAO),,2004,53000
Southern Africa (FAO),,2005,55000
Southern Africa (FAO),,2006,58000
Southern Africa (FAO),,2007,65000
Southern Africa (FAO),,2008,70000
Southern Africa (FAO),,2009,75000
Southern Africa (FAO),,2010,81000
Southern Africa (FAO),,2011,81000
Southern Africa (FAO),,2012,81000
Southern Africa (FAO),,2013,84000
Southern Africa (FAO),,2014,88000
Southern Africa (FAO),,2015,88000
Southern Africa (FAO),,2016,87000
Southern Africa (FAO),,2017,89000
Southern Africa (FAO),,2018,92000
Southern Africa (FAO),,2019,95000
Southern Africa (FAO),,2020,99000
Southern Africa (FAO),,2021,103000
Syria,SYR,1961,4800000
Syria,SYR,1962,5100000
Syria,SYR,1963,5400000
Syria,SYR,1964,5700000
Syria,SYR,1965,6000000
Syria,SYR,1966,6000000
Syria,SYR,1967,4000000
Syria,SYR,1968,4800000
Syria,SYR,1969,5500000
Syria,SYR,1970,6000000
Syria,SYR,1971,8500000
Syria,SYR,1972,6600000
Syria,SYR,1973,4800000
Syria,SYR,1974,3700000
Syria,SYR,1975,4000000
Syria,SYR,1976,4300000
Syria,SYR,1977,4000000
Syria,SYR,1978,4900000
Syria,SYR,1979,4900000
Syria,SYR,1980,5400000
Syria,SYR,1981,5350000
Syria,SYR,1982,6200000
Syria,SYR,1983,5300000
Syria,SYR,1984,4900000
Syria,SYR,1985,4300000
Syria,SYR,1986,4600000
Syria,SYR,1987,5100000
Syria,SYR,1988,5150000
Syria,SYR,1989,5400000
Syria,SYR,1990,5400000
Syria,SYR,1991,4800000
Syria,SYR,1992,4850000
Syria,SYR,1993,5500000
Syria,SYR,1994,5400000
Syria,SYR,1995,4900000
Syria,SYR,1996,5600000
Syria,SYR,1997,5800000
Syria,SYR,1998,5900000
Syria,SYR,1999,6000000
Syria,SYR,2000,6050000
Syria,SYR,2001,5230000
Syria,SYR,2002,5240000
Syria,SYR,2003,5600000
Syria,SYR,2004,5500000
Syria,SYR,2005,5500000
Syria,SYR,2006,5800000
Syria,SYR,2007,5800000
Syria,SYR,2008,5800000
Syria,SYR,2009,4800000
Syria,SYR,2010,4750000
Syria,SYR,2011,4750000
Syria,SYR,2012,4638000
Syria,SYR,2013,4557000
Syria,SYR,2014,4557000
Syria,SYR,2015,4606000
Syria,SYR,2016,4601000
Syria,SYR,2017,4588000
Syria,SYR,2018,4524000
Syria,SYR,2019,4444000
Syria,SYR,2020,4387000
Syria,SYR,2021,4455000
Upper-middle-income countries,,1991,42000
Upper-middle-income countries,,1992,41000
Upper-middle-income countries,,1993,39000
Upper-middle-income countries,,1994,37000
Upper-middle-income countries,,1995,39000
Upper-middle-income countries,,1996,46000
Upper-middle-income countries,,1997,52000
Upper-middle-income countries,,1998,44000
Upper-middle-income countries,,1999,49000
Upper-middle-income countries,,2000,54000
Upper-middle-income countries,,2001,61000
Upper-middle-income countries,,2002,77000
Upper-middle-income countries,,2003,129000
Upper-middle-income countries,,2004,64000
Upper-middle-income countries,,2005,78000
Upper-middle-income countries,,2006,70000
Upper-middle-income countries,,2007,70000
Upper-middle-income countries,,2008,89000
Upper-middle-income countries,,2009,84000
Upper-middle-income countries,,2010,89000
Upper-middle-income countries,,2011,89000
Upper-middle-income countries,,2012,89000
Upper-middle-income countries,,2013,91000
Upper-middle-income countries,,2014,95000
Upper-middle-income countries,,2015,95000
Upper-middle-income countries,,2016,93000
Upper-middle-income countries,,2017,95000
Upper-middle-income countries,,2018,92000
Upper-middle-income countries,,2019,95000
Upper-middle-income countries,,2020,99000
Upper-middle-income countries,,2021,103000
Western Asia (FAO),,1961,5810000
Western Asia (FAO),,1962,6110000
Western Asia (FAO),,1963,6410000
Western Asia (FAO),,1964,6740000
Western Asia (FAO),,1965,7040000
Western Asia (FAO),,1966,7060000
Western Asia (FAO),,1967,5060000
Western Asia (FAO),,1968,5910000
Western Asia (FAO),,1969,6610000
Western Asia (FAO),,1970,7160000
Western Asia (FAO),,1971,9675000
Western Asia (FAO),,1972,7825000
Western Asia (FAO),,1973,6080000
Western Asia (FAO),,1974,4900000
Western Asia (FAO),,1975,5270000
Western Asia (FAO),,1976,5630000
Western Asia (FAO),,1977,5400000
Western Asia (FAO),,1978,6350000
Western Asia (FAO),,1979,6475000
Western Asia (FAO),,1980,7360000
Western Asia (FAO),,1981,8940000
Western Asia (FAO),,1982,10970000
Western Asia (FAO),,1983,12790000
Western Asia (FAO),,1984,14460000
Western Asia (FAO),,1985,14110000
Western Asia (FAO),,1986,14260000
Western Asia (FAO),,1987,13610000
Western Asia (FAO),,1988,11527000
Western Asia (FAO),,1989,11593000
Western Asia (FAO),,1990,12443000
Western Asia (FAO),,1991,12643000
Western Asia (FAO),,1992,14633000
Western Asia (FAO),,1993,16695000
Western Asia (FAO),,1994,16163000
Western Asia (FAO),,1995,15693000
Western Asia (FAO),,1996,16283000
Western Asia (FAO),,1997,16403000
Western Asia (FAO),,1998,14123000
Western Asia (FAO),,1999,13849000
Western Asia (FAO),,2000,13782000
Western Asia (FAO),,2001,12936000
Western Asia (FAO),,2002,13133000
Western Asia (FAO),,2003,13601000
Western Asia (FAO),,2004,13768000
Western Asia (FAO),,2005,12958000
Western Asia (FAO),,2006,13077000
Western Asia (FAO),,2007,12961000
Western Asia (FAO),,2008,12906000
Western Asia (FAO),,2009,11777000
Western Asia (FAO),,2010,11707000
Western Asia (FAO),,2011,11611000
Western Asia (FAO),,2012,11485000
Western Asia (FAO),,2013,11215000
Western Asia (FAO),,2014,11109000
Western Asia (FAO),,2015,11023000
Western Asia (FAO),,2016,10765000
Western Asia (FAO),,2017,10885000
Western Asia (FAO),,2018,9651000
Western Asia (FAO),,2019,9197000
Western Asia (FAO),,2020,8665000
Western Asia (FAO),,2021,8172000
Western Europe (FAO),,1977,3000000
Western Europe (FAO),,1988,2000000
Western Europe (FAO),,1989,2000000
Western Europe (FAO),,1990,2500000
Western Europe (FAO),,1991,3000000
Western Europe (FAO),,1992,3000000
Western Europe (FAO),,1993,3500000
Western Europe (FAO),,1994,3420000
Western Europe (FAO),,1995,3796000
Western Europe (FAO),,1996,3936000
Western Europe (FAO),,1997,3970000
Western Europe (FAO),,1998,4655000
Western Europe (FAO),,1999,5000000
Western Europe (FAO),,2000,6000000
Western Europe (FAO),,2001,6000000
Western Europe (FAO),,2002,5000000
Western Europe (FAO),,2003,5000000
Western Europe (FAO),,2004,5000000
Western Europe (FAO),,2005,5500000
Western Europe (FAO),,2006,5500000
Western Europe (FAO),,2007,6000000
Western Europe (FAO),,2008,5500000
Western Europe (FAO),,2009,5000000
Western Europe (FAO),,2010,4500000
Western Europe (FAO),,2011,4500000
Western Europe (FAO),,2012,4500000
Western Europe (FAO),,2013,4500000
Western Europe (FAO),,2014,4500000
Western Europe (FAO),,2015,4412000
Western Europe (FAO),,2016,4360000
Western Europe (FAO),,2017,4431000
World,OWID_WRL,1961,23890000
World,OWID_WRL,1962,24190000
World,OWID_WRL,1963,23995000
World,OWID_WRL,1964,24325000
World,OWID_WRL,1965,24130000
World,OWID_WRL,1966,23655000
World,OWID_WRL,1967,21155000
World,OWID_WRL,1968,21010000
World,OWID_WRL,1969,20690000
World,OWID_WRL,1970,20270000
World,OWID_WRL,1971,22795000
World,OWID_WRL,1972,19950000
World,OWID_WRL,1973,17710000
World,OWID_WRL,1974,15830000
World,OWID_WRL,1975,15420000
World,OWID_WRL,1976,15090000
World,OWID_WRL,1977,17180000
World,OWID_WRL,1978,14400000
World,OWID_WRL,1979,13675000
World,OWID_WRL,1980,14760000
World,OWID_WRL,1981,20140000
World,OWID_WRL,1982,27670000
World,OWID_WRL,1983,36990000
World,OWID_WRL,1984,42160000
World,OWID_WRL,1985,42610000
World,OWID_WRL,1986,43460000
World,OWID_WRL,1987,43810000
World,OWID_WRL,1988,44727000
World,OWID_WRL,1989,45793000
World,OWID_WRL,1990,48778000
World,OWID_WRL,1991,51121000
World,OWID_WRL,1992,54122000
World,OWID_WRL,1993,58855000
World,OWID_WRL,1994,57335000
World,OWID_WRL,1995,58788000
World,OWID_WRL,1996,61025000
World,OWID_WRL,1997,62360000
World,OWID_WRL,1998,61494000
World,OWID_WRL,1999,63033000
World,OWID_WRL,2000,64043000
World,OWID_WRL,2001,63163000
World,OWID_WRL,2002,62174000
World,OWID_WRL,2003,62718000
World,OWID_WRL,2004,64085000
World,OWID_WRL,2005,61726000
World,OWID_WRL,2006,61857000
World,OWID_WRL,2007,62784000
World,OWID_WRL,2008,62281000
World,OWID_WRL,2009,60605000
World,OWID_WRL,2010,60112000
World,OWID_WRL,2011,59987000
World,OWID_WRL,2012,61532000
World,OWID_WRL,2013,64189000
World,OWID_WRL,2014,61668000
World,OWID_WRL,2015,60323000
World,OWID_WRL,2016,60645000
World,OWID_WRL,2017,61168000
World,OWID_WRL,2018,54641000
World,OWID_WRL,2019,53675000
World,OWID_WRL,2020,52801000
World,OWID_WRL,2021,51766000