Entity,Code,Year,"Meat, ass | 00001108 || Producing or slaughtered animals | 005320 || animals"
Africa,,1961,56000
Africa,,1962,60400
Africa,,1963,61600
Africa,,1964,71300
Africa,,1965,82700
Africa,,1966,91900
Africa,,1967,100300
Africa,,1968,108300
Africa,,1969,103600
Africa,,1970,104400
Africa,,1971,121000
Africa,,1972,114300
Africa,,1973,100700
Africa,,1974,104600
Africa,,1975,108700
Africa,,1976,114500
Africa,,1977,121100
Africa,,1978,124600
Africa,,1979,125200
Africa,,1980,127800
Africa,,1981,132000
Africa,,1982,142300
Africa,,1983,137600
Africa,,1984,120400
Africa,,1985,109400
Africa,,1986,122000
Africa,,1987,123800
Africa,,1988,144800
Africa,,1989,150200
Africa,,1990,138565
Africa,,1991,144756
Africa,,1992,149754
Africa,,1993,154318
Africa,,1994,155736
Africa,,1995,156444
Africa,,1996,125580
Africa,,1997,135763
Africa,,1998,145538
Africa,,1999,155967
Africa,,2000,145991
Africa,,2001,156708
Africa,,2002,160645
Africa,,2003,208430
Africa,,2004,228064
Africa,,2005,243756
Africa,,2006,256100
Africa,,2007,262250
Africa,,2008,272860
Africa,,2009,284500
Africa,,2010,291200
Africa,,2011,283700
Africa,,2012,275785
Africa,,2013,273920
Africa,,2014,259614
Africa,,2015,261066
Africa,,2016,266955
Africa,,2017,279770
Africa,,2018,286383
Africa,,2019,290616
Africa,,2020,314574
Africa,,2021,296204
Africa (FAO),,1961,56000
Africa (FAO),,1962,60400
Africa (FAO),,1963,61600
Africa (FAO),,1964,71300
Africa (FAO),,1965,82700
Africa (FAO),,1966,91900
Africa (FAO),,1967,100300
Africa (FAO),,1968,108300
Africa (FAO),,1969,103600
Africa (FAO),,1970,104400
Africa (FAO),,1971,121000
Africa (FAO),,1972,114300
Africa (FAO),,1973,100700
Africa (FAO),,1974,104600
Africa (FAO),,1975,108700
Africa (FAO),,1976,114500
Africa (FAO),,1977,121100
Africa (FAO),,1978,124600
Africa (FAO),,1979,125200
Africa (FAO),,1980,127800
Africa (FAO),,1981,132000
Africa (FAO),,1982,142300
Africa (FAO),,1983,137600
Africa (FAO),,1984,120400
Africa (FAO),,1985,109400
Africa (FAO),,1986,122000
Africa (FAO),,1987,123800
Africa (FAO),,1988,144800
Africa (FAO),,1989,150200
Africa (FAO),,1990,138565
Africa (FAO),,1991,144756
Africa (FAO),,1992,149754
Africa (FAO),,1993,154318
Africa (FAO),,1994,155736
Africa (FAO),,1995,156444
Africa (FAO),,1996,125580
Africa (FAO),,1997,135763
Africa (FAO),,1998,145538
Africa (FAO),,1999,155967
Africa (FAO),,2000,145991
Africa (FAO),,2001,156708
Africa (FAO),,2002,160645
Africa (FAO),,2003,208430
Africa (FAO),,2004,228064
Africa (FAO),,2005,243756
Africa (FAO),,2006,256100
Africa (FAO),,2007,262250
Africa (FAO),,2008,272860
Africa (FAO),,2009,284500
Africa (FAO),,2010,291200
Africa (FAO),,2011,283700
Africa (FAO),,2012,275785
Africa (FAO),,2013,273920
Africa (FAO),,2014,259614
Africa (FAO),,2015,261065
Africa (FAO),,2016,266955
Africa (FAO),,2017,279770
Africa (FAO),,2018,286383
Africa (FAO),,2019,290617
Africa (FAO),,2020,314575
Africa (FAO),,2021,296204
Americas (FAO),,2017,1730
Americas (FAO),,2018,982
Americas (FAO),,2019,1033
Americas (FAO),,2020,1080
Americas (FAO),,2021,1093
Argentina,ARG,2016,0
Argentina,ARG,2017,1730
Argentina,ARG,2018,982
Argentina,ARG,2019,1033
Argentina,ARG,2020,1080
Argentina,ARG,2021,1093
Asia,,1961,160000
Asia,,1962,180000
Asia,,1963,180000
Asia,,1964,185000
Asia,,1965,195000
Asia,,1966,205000
Asia,,1967,215000
Asia,,1968,225000
Asia,,1969,232000
Asia,,1970,240000
Asia,,1971,252000
Asia,,1972,260000
Asia,,1973,250000
Asia,,1974,250000
Asia,,1975,247000
Asia,,1976,243000
Asia,,1977,230000
Asia,,1978,228000
Asia,,1979,223000
Asia,,1980,220000
Asia,,1981,236000
Asia,,1982,250000
Asia,,1983,270000
Asia,,1984,275000
Asia,,1985,282000
Asia,,1986,295000
Asia,,1987,300000
Asia,,1988,310000
Asia,,1989,320000
Asia,,1990,330000
Asia,,1991,340000
Asia,,1992,2000000
Asia,,1993,1975000
Asia,,1994,1960000
Asia,,1995,1966000
Asia,,1996,2149000
Asia,,1997,1889000
Asia,,1998,1879000
Asia,,1999,1943000
Asia,,2000,2017000
Asia,,2001,2030000
Asia,,2002,2115000
Asia,,2003,2123000
Asia,,2004,2175570
Asia,,2005,2170600
Asia,,2006,2231400
Asia,,2007,2161000
Asia,,2008,2150000
Asia,,2009,2279000
Asia,,2010,2292000
Asia,,2011,2399000
Asia,,2012,2400000
Asia,,2013,2378100
Asia,,2014,2266000
Asia,,2015,1840978
Asia,,2016,1520427
Asia,,2017,1065996
Asia,,2018,1057506
Asia,,2019,1139542
Asia,,2020,971224
Asia,,2021,822046
Asia (FAO),,1961,160000
Asia (FAO),,1962,180000
Asia (FAO),,1963,180000
Asia (FAO),,1964,185000
Asia (FAO),,1965,195000
Asia (FAO),,1966,205000
Asia (FAO),,1967,215000
Asia (FAO),,1968,225000
Asia (FAO),,1969,232000
Asia (FAO),,1970,240000
Asia (FAO),,1971,252000
Asia (FAO),,1972,260000
Asia (FAO),,1973,250000
Asia (FAO),,1974,250000
Asia (FAO),,1975,247000
Asia (FAO),,1976,243000
Asia (FAO),,1977,230000
Asia (FAO),,1978,228000
Asia (FAO),,1979,223000
Asia (FAO),,1980,220000
Asia (FAO),,1981,236000
Asia (FAO),,1982,250000
Asia (FAO),,1983,270000
Asia (FAO),,1984,275000
Asia (FAO),,1985,282000
Asia (FAO),,1986,295000
Asia (FAO),,1987,300000
Asia (FAO),,1988,310000
Asia (FAO),,1989,320000
Asia (FAO),,1990,330000
Asia (FAO),,1991,340000
Asia (FAO),,1992,2000000
Asia (FAO),,1993,1975000
Asia (FAO),,1994,1960000
Asia (FAO),,1995,1966000
Asia (FAO),,1996,2149000
Asia (FAO),,1997,1889000
Asia (FAO),,1998,1879000
Asia (FAO),,1999,1943000
Asia (FAO),,2000,2017000
Asia (FAO),,2001,2030000
Asia (FAO),,2002,2115000
Asia (FAO),,2003,2123000
Asia (FAO),,2004,2175570
Asia (FAO),,2005,2170600
Asia (FAO),,2006,2231400
Asia (FAO),,2007,2161000
Asia (FAO),,2008,2150000
Asia (FAO),,2009,2279000
Asia (FAO),,2010,2292000
Asia (FAO),,2011,2399000
Asia (FAO),,2012,2400000
Asia (FAO),,2013,2378100
Asia (FAO),,2014,2266000
Asia (FAO),,2015,1840978
Asia (FAO),,2016,1520427
Asia (FAO),,2017,1065996
Asia (FAO),,2018,1057506
Asia (FAO),,2019,1139542
Asia (FAO),,2020,971224
Asia (FAO),,2021,822046
Bulgaria,BGR,1961,1200
Bulgaria,BGR,1962,2000
Bulgaria,BGR,1963,1200
Bulgaria,BGR,1964,1000
Bulgaria,BGR,1965,1000
Bulgaria,BGR,1966,2600
Bulgaria,BGR,1967,2600
Bulgaria,BGR,1968,2700
Bulgaria,BGR,1969,2900
Bulgaria,BGR,1970,2700
Bulgaria,BGR,1971,2700
Bulgaria,BGR,1972,2700
Bulgaria,BGR,1973,2800
Bulgaria,BGR,1974,2800
Bulgaria,BGR,1975,2852
Bulgaria,BGR,1976,8626
Bulgaria,BGR,1977,3468
Bulgaria,BGR,1978,5934
Bulgaria,BGR,1979,5861
Bulgaria,BGR,1980,5133
Bulgaria,BGR,1981,1357
Bulgaria,BGR,1982,106
Bulgaria,BGR,1983,101
Bulgaria,BGR,1984,14
Bulgaria,BGR,1985,25
Bulgaria,BGR,1986,0
Bulgaria,BGR,1987,0
Bulgaria,BGR,1988,0
Bulgaria,BGR,1989,0
Bulgaria,BGR,1990,0
Bulgaria,BGR,1991,0
Bulgaria,BGR,1992,0
Bulgaria,BGR,1993,0
Bulgaria,BGR,1994,0
Bulgaria,BGR,1995,0
Bulgaria,BGR,1996,0
Bulgaria,BGR,1997,0
Bulgaria,BGR,1998,0
Bulgaria,BGR,1999,0
Bulgaria,BGR,2000,0
Bulgaria,BGR,2001,0
Bulgaria,BGR,2002,0
Bulgaria,BGR,2003,0
Bulgaria,BGR,2004,0
Bulgaria,BGR,2005,0
Bulgaria,BGR,2006,0
Bulgaria,BGR,2007,0
Bulgaria,BGR,2008,0
Bulgaria,BGR,2009,0
Bulgaria,BGR,2010,0
Bulgaria,BGR,2011,0
Bulgaria,BGR,2012,0
Bulgaria,BGR,2013,0
Bulgaria,BGR,2014,0
Bulgaria,BGR,2015,0
Bulgaria,BGR,2016,0
Bulgaria,BGR,2017,0
Burkina Faso,BFA,1961,14000
Burkina Faso,BFA,1962,12800
Burkina Faso,BFA,1963,13700
Burkina Faso,BFA,1964,13700
Burkina Faso,BFA,1965,15000
Burkina Faso,BFA,1966,18000
Burkina Faso,BFA,1967,20000
Burkina Faso,BFA,1968,24000
Burkina Faso,BFA,1969,20000
Burkina Faso,BFA,1970,20000
Burkina Faso,BFA,1971,20000
Burkina Faso,BFA,1972,18000
Burkina Faso,BFA,1973,16000
Burkina Faso,BFA,1974,17000
Burkina Faso,BFA,1975,18000
Burkina Faso,BFA,1976,20000
Burkina Faso,BFA,1977,20000
Burkina Faso,BFA,1978,20000
Burkina Faso,BFA,1979,20000
Burkina Faso,BFA,1980,21000
Burkina Faso,BFA,1981,22000
Burkina Faso,BFA,1982,23000
Burkina Faso,BFA,1983,25000
Burkina Faso,BFA,1984,28000
Burkina Faso,BFA,1985,30000
Burkina Faso,BFA,1986,32000
Burkina Faso,BFA,1987,35000
Burkina Faso,BFA,1988,38000
Burkina Faso,BFA,1989,40000
Burkina Faso,BFA,1990,21365
Burkina Faso,BFA,1991,22653
Burkina Faso,BFA,1992,23396
Burkina Faso,BFA,1993,24965
Burkina Faso,BFA,1994,26638
Burkina Faso,BFA,1995,28421
Burkina Faso,BFA,1996,30322
Burkina Faso,BFA,1997,32350
Burkina Faso,BFA,1998,34510
Burkina Faso,BFA,1999,36814
Burkina Faso,BFA,2000,38363
Burkina Faso,BFA,2001,40675
Burkina Faso,BFA,2002,43127
Burkina Faso,BFA,2003,45727
Burkina Faso,BFA,2004,48484
Burkina Faso,BFA,2005,51406
Burkina Faso,BFA,2006,54500
Burkina Faso,BFA,2007,57800
Burkina Faso,BFA,2008,61240
Burkina Faso,BFA,2009,65000
Burkina Faso,BFA,2010,65500
Burkina Faso,BFA,2011,55000
Burkina Faso,BFA,2012,50000
Burkina Faso,BFA,2013,40000
Burkina Faso,BFA,2014,25000
Burkina Faso,BFA,2015,18400
Burkina Faso,BFA,2016,17433
Burkina Faso,BFA,2017,19150
Burkina Faso,BFA,2018,18333
Burkina Faso,BFA,2019,18333
Burkina Faso,BFA,2020,34365
Burkina Faso,BFA,2021,23677
Central Asia (FAO),,2018,70
Central Asia (FAO),,2019,190
Central Asia (FAO),,2020,50
Central Asia (FAO),,2021,100
China,CHN,1961,160000
China,CHN,1962,180000
China,CHN,1963,180000
China,CHN,1964,185000
China,CHN,1965,195000
China,CHN,1966,205000
China,CHN,1967,215000
China,CHN,1968,225000
China,CHN,1969,232000
China,CHN,1970,240000
China,CHN,1971,252000
China,CHN,1972,260000
China,CHN,1973,250000
China,CHN,1974,250000
China,CHN,1975,247000
China,CHN,1976,243000
China,CHN,1977,230000
China,CHN,1978,228000
China,CHN,1979,223000
China,CHN,1980,220000
China,CHN,1981,236000
China,CHN,1982,250000
China,CHN,1983,270000
China,CHN,1984,275000
China,CHN,1985,282000
China,CHN,1986,295000
China,CHN,1987,300000
China,CHN,1988,310000
China,CHN,1989,320000
China,CHN,1990,330000
China,CHN,1991,340000
China,CHN,1992,2000000
China,CHN,1993,1975000
China,CHN,1994,1960000
China,CHN,1995,1966000
China,CHN,1996,2149000
China,CHN,1997,1889000
China,CHN,1998,1879000
China,CHN,1999,1943000
China,CHN,2000,2017000
China,CHN,2001,2030000
China,CHN,2002,2115000
China,CHN,2003,2123000
China,CHN,2004,2175570
China,CHN,2005,2170600
China,CHN,2006,2231400
China,CHN,2007,2161000
China,CHN,2008,2150000
China,CHN,2009,2279000
China,CHN,2010,2292000
China,CHN,2011,2399000
China,CHN,2012,2400000
China,CHN,2013,2378100
China,CHN,2014,2266000
China,CHN,2015,1840978
China,CHN,2016,1520427
China,CHN,2017,1065996
China,CHN,2018,1057436
China,CHN,2019,1139352
China,CHN,2020,971174
China,CHN,2021,821946
China (FAO),,1961,160000
China (FAO),,1962,180000
China (FAO),,1963,180000
China (FAO),,1964,185000
China (FAO),,1965,195000
China (FAO),,1966,205000
China (FAO),,1967,215000
China (FAO),,1968,225000
China (FAO),,1969,232000
China (FAO),,1970,240000
China (FAO),,1971,252000
China (FAO),,1972,260000
China (FAO),,1973,250000
China (FAO),,1974,250000
China (FAO),,1975,247000
China (FAO),,1976,243000
China (FAO),,1977,230000
China (FAO),,1978,228000
China (FAO),,1979,223000
China (FAO),,1980,220000
China (FAO),,1981,236000
China (FAO),,1982,250000
China (FAO),,1983,270000
China (FAO),,1984,275000
China (FAO),,1985,282000
China (FAO),,1986,295000
China (FAO),,1987,300000
China (FAO),,1988,310000
China (FAO),,1989,320000
China (FAO),,1990,330000
China (FAO),,1991,340000
China (FAO),,1992,2000000
China (FAO),,1993,1975000
China (FAO),,1994,1960000
China (FAO),,1995,1966000
China (FAO),,1996,2149000
China (FAO),,1997,1889000
China (FAO),,1998,1879000
China (FAO),,1999,1943000
China (FAO),,2000,2017000
China (FAO),,2001,2030000
China (FAO),,2002,2115000
China (FAO),,2003,2123000
China (FAO),,2004,2175570
China (FAO),,2005,2170600
China (FAO),,2006,2231400
China (FAO),,2007,2161000
China (FAO),,2008,2150000
China (FAO),,2009,2279000
China (FAO),,2010,2292000
China (FAO),,2011,2399000
China (FAO),,2012,2400000
China (FAO),,2013,2378100
China (FAO),,2014,2266000
China (FAO),,2015,1840978
China (FAO),,2016,1520427
China (FAO),,2017,1065996
China (FAO),,2018,1057436
China (FAO),,2019,1139352
China (FAO),,2020,971174
China (FAO),,2021,821946
Eastern Asia (FAO),,1961,160000
Eastern Asia (FAO),,1962,180000
Eastern Asia (FAO),,1963,180000
Eastern Asia (FAO),,1964,185000
Eastern Asia (FAO),,1965,195000
Eastern Asia (FAO),,1966,205000
Eastern Asia (FAO),,1967,215000
Eastern Asia (FAO),,1968,225000
Eastern Asia (FAO),,1969,232000
Eastern Asia (FAO),,1970,240000
Eastern Asia (FAO),,1971,252000
Eastern Asia (FAO),,1972,260000
Eastern Asia (FAO),,1973,250000
Eastern Asia (FAO),,1974,250000
Eastern Asia (FAO),,1975,247000
Eastern Asia (FAO),,1976,243000
Eastern Asia (FAO),,1977,230000
Eastern Asia (FAO),,1978,228000
Eastern Asia (FAO),,1979,223000
Eastern Asia (FAO),,1980,220000
Eastern Asia (FAO),,1981,236000
Eastern Asia (FAO),,1982,250000
Eastern Asia (FAO),,1983,270000
Eastern Asia (FAO),,1984,275000
Eastern Asia (FAO),,1985,282000
Eastern Asia (FAO),,1986,295000
Eastern Asia (FAO),,1987,300000
Eastern Asia (FAO),,1988,310000
Eastern Asia (FAO),,1989,320000
Eastern Asia (FAO),,1990,330000
Eastern Asia (FAO),,1991,340000
Eastern Asia (FAO),,1992,2000000
Eastern Asia (FAO),,1993,1975000
Eastern Asia (FAO),,1994,1960000
Eastern Asia (FAO),,1995,1966000
Eastern Asia (FAO),,1996,2149000
Eastern Asia (FAO),,1997,1889000
Eastern Asia (FAO),,1998,1879000
Eastern Asia (FAO),,1999,1943000
Eastern Asia (FAO),,2000,2017000
Eastern Asia (FAO),,2001,2030000
Eastern Asia (FAO),,2002,2115000
Eastern Asia (FAO),,2003,2123000
Eastern Asia (FAO),,2004,2175570
Eastern Asia (FAO),,2005,2170600
Eastern Asia (FAO),,2006,2231400
Eastern Asia (FAO),,2007,2161000
Eastern Asia (FAO),,2008,2150000
Eastern Asia (FAO),,2009,2279000
Eastern Asia (FAO),,2010,2292000
Eastern Asia (FAO),,2011,2399000
Eastern Asia (FAO),,2012,2400000
Eastern Asia (FAO),,2013,2378100
Eastern Asia (FAO),,2014,2266000
Eastern Asia (FAO),,2015,1840978
Eastern Asia (FAO),,2016,1520427
Eastern Asia (FAO),,2017,1065996
Eastern Asia (FAO),,2018,1057436
Eastern Asia (FAO),,2019,1139352
Eastern Asia (FAO),,2020,971174
Eastern Asia (FAO),,2021,821946
Eastern Europe (FAO),,1961,1200
Eastern Europe (FAO),,1962,2000
Eastern Europe (FAO),,1963,1200
Eastern Europe (FAO),,1964,1000
Eastern Europe (FAO),,1965,1000
Eastern Europe (FAO),,1966,2600
Eastern Europe (FAO),,1967,2600
Eastern Europe (FAO),,1968,2700
Eastern Europe (FAO),,1969,2900
Eastern Europe (FAO),,1970,2700
Eastern Europe (FAO),,1971,2700
Eastern Europe (FAO),,1972,2700
Eastern Europe (FAO),,1973,2800
Eastern Europe (FAO),,1974,2800
Eastern Europe (FAO),,1975,2852
Eastern Europe (FAO),,1976,8626
Eastern Europe (FAO),,1977,3468
Eastern Europe (FAO),,1978,5934
Eastern Europe (FAO),,1979,5861
Eastern Europe (FAO),,1980,5133
Eastern Europe (FAO),,1981,1357
Eastern Europe (FAO),,1982,106
Eastern Europe (FAO),,1983,101
Eastern Europe (FAO),,1984,14
Eastern Europe (FAO),,1985,25
Eastern Europe (FAO),,1986,0
Eastern Europe (FAO),,1987,0
Eastern Europe (FAO),,1988,0
Eastern Europe (FAO),,1989,0
Eastern Europe (FAO),,1990,0
Eastern Europe (FAO),,1991,0
Eastern Europe (FAO),,1992,0
Eastern Europe (FAO),,1993,0
Eastern Europe (FAO),,1994,0
Eastern Europe (FAO),,1995,0
Eastern Europe (FAO),,1996,0
Eastern Europe (FAO),,1997,0
Eastern Europe (FAO),,1998,0
Eastern Europe (FAO),,1999,0
Eastern Europe (FAO),,2000,0
Eastern Europe (FAO),,2001,0
Eastern Europe (FAO),,2002,0
Eastern Europe (FAO),,2003,0
Eastern Europe (FAO),,2004,0
Eastern Europe (FAO),,2005,0
Eastern Europe (FAO),,2006,0
Eastern Europe (FAO),,2007,0
Eastern Europe (FAO),,2008,0
Eastern Europe (FAO),,2009,0
Eastern Europe (FAO),,2010,0
Eastern Europe (FAO),,2011,0
Eastern Europe (FAO),,2012,0
Eastern Europe (FAO),,2013,0
Eastern Europe (FAO),,2014,0
Eastern Europe (FAO),,2015,0
Eastern Europe (FAO),,2016,0
Eastern Europe (FAO),,2017,0
Europe,,1961,29200
Europe,,1962,36900
Europe,,1963,31300
Europe,,1964,33800
Europe,,1965,48400
Europe,,1966,47600
Europe,,1967,36600
Europe,,1968,28400
Europe,,1969,24000
Europe,,1970,24700
Europe,,1971,30000
Europe,,1972,31700
Europe,,1973,30000
Europe,,1974,26100
Europe,,1975,21186
Europe,,1976,24326
Europe,,1977,18068
Europe,,1978,21055
Europe,,1979,18810
Europe,,1980,16933
Europe,,1981,13709
Europe,,1982,11938
Europe,,1983,6680
Europe,,1984,5732
Europe,,1985,6510
Europe,,1986,6000
Europe,,1987,4878
Europe,,1988,4190
Europe,,1989,4232
Europe,,1990,3677
Europe,,1991,3301
Europe,,1992,3532
Europe,,1993,3500
Europe,,1994,3500
Europe,,1995,3500
Europe,,1996,3100
Europe,,1997,3100
Europe,,1998,3498
Europe,,1999,3000
Europe,,2000,3000
Europe,,2001,3000
Europe,,2002,3000
Europe,,2003,3000
Europe,,2004,3000
Europe,,2005,3000
Europe,,2006,3000
Europe,,2007,3000
Europe,,2008,3000
Europe,,2009,3000
Europe,,2010,3000
Europe,,2011,3000
Europe,,2012,3000
Europe,,2013,3000
Europe,,2014,3000
Europe,,2015,2964
Europe,,2016,2997
Europe,,2017,3000
Europe (FAO),,1961,29200
Europe (FAO),,1962,36900
Europe (FAO),,1963,31300
Europe (FAO),,1964,33800
Europe (FAO),,1965,48400
Europe (FAO),,1966,47600
Europe (FAO),,1967,36600
Europe (FAO),,1968,28400
Europe (FAO),,1969,24000
Europe (FAO),,1970,24700
Europe (FAO),,1971,30000
Europe (FAO),,1972,31700
Europe (FAO),,1973,30000
Europe (FAO),,1974,26100
Europe (FAO),,1975,21186
Europe (FAO),,1976,24326
Europe (FAO),,1977,18068
Europe (FAO),,1978,21055
Europe (FAO),,1979,18810
Europe (FAO),,1980,16933
Europe (FAO),,1981,13709
Europe (FAO),,1982,11938
Europe (FAO),,1983,6680
Europe (FAO),,1984,5732
Europe (FAO),,1985,6510
Europe (FAO),,1986,6000
Europe (FAO),,1987,4878
Europe (FAO),,1988,4190
Europe (FAO),,1989,4232
Europe (FAO),,1990,3677
Europe (FAO),,1991,3301
Europe (FAO),,1992,3532
Europe (FAO),,1993,3500
Europe (FAO),,1994,3500
Europe (FAO),,1995,3500
Europe (FAO),,1996,3100
Europe (FAO),,1997,3100
Europe (FAO),,1998,3498
Europe (FAO),,1999,3000
Europe (FAO),,2000,3000
Europe (FAO),,2001,3000
Europe (FAO),,2002,3000
Europe (FAO),,2003,3000
Europe (FAO),,2004,3000
Europe (FAO),,2005,3000
Europe (FAO),,2006,3000
Europe (FAO),,2007,3000
Europe (FAO),,2008,3000
Europe (FAO),,2009,3000
Europe (FAO),,2010,3000
Europe (FAO),,2011,3000
Europe (FAO),,2012,3000
Europe (FAO),,2013,3000
Europe (FAO),,2014,3000
Europe (FAO),,2015,2964
Europe (FAO),,2016,2997
Europe (FAO),,2017,3000
European Union (27),,1961,29200
European Union (27),,1962,36900
European Union (27),,1963,31300
European Union (27),,1964,33800
European Union (27),,1965,48400
European Union (27),,1966,47600
European Union (27),,1967,36600
European Union (27),,1968,28400
European Union (27),,1969,24000
European Union (27),,1970,24700
European Union (27),,1971,30000
European Union (27),,1972,31700
European Union (27),,1973,30000
European Union (27),,1974,26100
European Union (27),,1975,21186
European Union (27),,1976,24326
European Union (27),,1977,18068
European Union (27),,1978,21055
European Union (27),,1979,18810
European Union (27),,1980,16933
European Union (27),,1981,13709
European Union (27),,1982,11938
European Union (27),,1983,6680
European Union (27),,1984,5732
European Union (27),,1985,6510
European Union (27),,1986,6000
European Union (27),,1987,4878
European Union (27),,1988,4190
European Union (27),,1989,4232
European Union (27),,1990,3677
European Union (27),,1991,3301
European Union (27),,1992,3532
European Union (27),,1993,3500
European Union (27),,1994,3500
European Union (27),,1995,3500
European Union (27),,1996,3100
European Union (27),,1997,3100
European Union (27),,1998,3498
European Union (27),,1999,3000
European Union (27),,2000,3000
European Union (27),,2001,3000
European Union (27),,2002,3000
European Union (27),,2003,3000
European Union (27),,2004,3000
European Union (27),,2005,3000
European Union (27),,2006,3000
European Union (27),,2007,3000
European Union (27),,2008,3000
European Union (27),,2009,3000
European Union (27),,2010,3000
European Union (27),,2011,3000
European Union (27),,2012,3000
European Union (27),,2013,3000
European Union (27),,2014,3000
European Union (27),,2015,2964
European Union (27),,2016,2997
European Union (27),,2017,3000
European Union (27) (FAO),,1961,29200
European Union (27) (FAO),,1962,36900
European Union (27) (FAO),,1963,31300
European Union (27) (FAO),,1964,33800
European Union (27) (FAO),,1965,48400
European Union (27) (FAO),,1966,47600
European Union (27) (FAO),,1967,36600
European Union (27) (FAO),,1968,28400
European Union (27) (FAO),,1969,24000
European Union (27) (FAO),,1970,24700
European Union (27) (FAO),,1971,30000
European Union (27) (FAO),,1972,31700
European Union (27) (FAO),,1973,30000
European Union (27) (FAO),,1974,26100
European Union (27) (FAO),,1975,21186
European Union (27) (FAO),,1976,24326
European Union (27) (FAO),,1977,18068
European Union (27) (FAO),,1978,21055
European Union (27) (FAO),,1979,18810
European Union (27) (FAO),,1980,16933
European Union (27) (FAO),,1981,13709
European Union (27) (FAO),,1982,11938
European Union (27) (FAO),,1983,6680
European Union (27) (FAO),,1984,5732
European Union (27) (FAO),,1985,6510
European Union (27) (FAO),,1986,6000
European Union (27) (FAO),,1987,4878
European Union (27) (FAO),,1988,4190
European Union (27) (FAO),,1989,4232
European Union (27) (FAO),,1990,3677
European Union (27) (FAO),,1991,3301
European Union (27) (FAO),,1992,3532
European Union (27) (FAO),,1993,3500
European Union (27) (FAO),,1994,3500
European Union (27) (FAO),,1995,3500
European Union (27) (FAO),,1996,3100
European Union (27) (FAO),,1997,3100
European Union (27) (FAO),,1998,3498
European Union (27) (FAO),,1999,3000
European Union (27) (FAO),,2000,3000
European Union (27) (FAO),,2001,3000
European Union (27) (FAO),,2002,3000
European Union (27) (FAO),,2003,3000
European Union (27) (FAO),,2004,3000
European Union (27) (FAO),,2005,3000
European Union (27) (FAO),,2006,3000
European Union (27) (FAO),,2007,3000
European Union (27) (FAO),,2008,3000
European Union (27) (FAO),,2009,3000
European Union (27) (FAO),,2010,3000
European Union (27) (FAO),,2011,3000
European Union (27) (FAO),,2012,3000
European Union (27) (FAO),,2013,3000
European Union (27) (FAO),,2014,3000
European Union (27) (FAO),,2015,2964
European Union (27) (FAO),,2016,2997
European Union (27) (FAO),,2017,3000
High-income countries,,1961,28000
High-income countries,,1962,34900
High-income countries,,1963,30100
High-income countries,,1964,32800
High-income countries,,1965,47400
High-income countries,,1966,45000
High-income countries,,1967,34000
High-income countries,,1968,25700
High-income countries,,1969,21100
High-income countries,,1970,22000
High-income countries,,1971,27300
High-income countries,,1972,29000
High-income countries,,1973,27200
High-income countries,,1974,23300
High-income countries,,1975,18334
High-income countries,,1976,15700
High-income countries,,1977,14600
High-income countries,,1978,15121
High-income countries,,1979,12949
High-income countries,,1980,11800
High-income countries,,1981,12352
High-income countries,,1982,11832
High-income countries,,1983,6579
High-income countries,,1984,5718
High-income countries,,1985,6485
High-income countries,,1986,6000
High-income countries,,1987,4878
High-income countries,,1988,4190
High-income countries,,1989,4232
High-income countries,,1990,3677
High-income countries,,1991,3301
High-income countries,,1992,3532
High-income countries,,1993,3500
High-income countries,,1994,3500
High-income countries,,1995,3500
High-income countries,,1996,3100
High-income countries,,1997,3100
High-income countries,,1998,3498
High-income countries,,1999,3000
High-income countries,,2000,3000
High-income countries,,2001,3000
High-income countries,,2002,3000
High-income countries,,2003,3000
High-income countries,,2004,3000
High-income countries,,2005,3000
High-income countries,,2006,3000
High-income countries,,2007,3000
High-income countries,,2008,3000
High-income countries,,2009,3000
High-income countries,,2010,3000
High-income countries,,2011,3000
High-income countries,,2012,3000
High-income countries,,2013,3000
High-income countries,,2014,3000
High-income countries,,2015,2964
High-income countries,,2016,2997
High-income countries,,2017,3000
Kazakhstan,KAZ,2017,0
Kazakhstan,KAZ,2018,70
Kazakhstan,KAZ,2019,190
Kazakhstan,KAZ,2020,50
Kazakhstan,KAZ,2021,100
Land Locked Developing Countries (FAO),,1961,40500
Land Locked Developing Countries (FAO),,1962,43300
Land Locked Developing Countries (FAO),,1963,44200
Land Locked Developing Countries (FAO),,1964,47700
Land Locked Developing Countries (FAO),,1965,57500
Land Locked Developing Countries (FAO),,1966,63900
Land Locked Developing Countries (FAO),,1967,68700
Land Locked Developing Countries (FAO),,1968,75400
Land Locked Developing Countries (FAO),,1969,70800
Land Locked Developing Countries (FAO),,1970,70900
Land Locked Developing Countries (FAO),,1971,87400
Land Locked Developing Countries (FAO),,1972,81500
Land Locked Developing Countries (FAO),,1973,70000
Land Locked Developing Countries (FAO),,1974,75000
Land Locked Developing Countries (FAO),,1975,78000
Land Locked Developing Countries (FAO),,1976,82000
Land Locked Developing Countries (FAO),,1977,89000
Land Locked Developing Countries (FAO),,1978,91000
Land Locked Developing Countries (FAO),,1979,91000
Land Locked Developing Countries (FAO),,1980,94200
Land Locked Developing Countries (FAO),,1981,101800
Land Locked Developing Countries (FAO),,1982,111800
Land Locked Developing Countries (FAO),,1983,106800
Land Locked Developing Countries (FAO),,1984,89500
Land Locked Developing Countries (FAO),,1985,78500
Land Locked Developing Countries (FAO),,1986,91200
Land Locked Developing Countries (FAO),,1987,93400
Land Locked Developing Countries (FAO),,1988,105700
Land Locked Developing Countries (FAO),,1989,109700
Land Locked Developing Countries (FAO),,1990,96965
Land Locked Developing Countries (FAO),,1991,100973
Land Locked Developing Countries (FAO),,1992,101986
Land Locked Developing Countries (FAO),,1993,105965
Land Locked Developing Countries (FAO),,1994,106998
Land Locked Developing Countries (FAO),,1995,107321
Land Locked Developing Countries (FAO),,1996,75972
Land Locked Developing Countries (FAO),,1997,84970
Land Locked Developing Countries (FAO),,1998,94360
Land Locked Developing Countries (FAO),,1999,104204
Land Locked Developing Countries (FAO),,2000,91643
Land Locked Developing Countries (FAO),,2001,101175
Land Locked Developing Countries (FAO),,2002,105427
Land Locked Developing Countries (FAO),,2003,152827
Land Locked Developing Countries (FAO),,2004,171164
Land Locked Developing Countries (FAO),,2005,186406
Land Locked Developing Countries (FAO),,2006,193300
Land Locked Developing Countries (FAO),,2007,197450
Land Locked Developing Countries (FAO),,2008,206960
Land Locked Developing Countries (FAO),,2009,215000
Land Locked Developing Countries (FAO),,2010,219500
Land Locked Developing Countries (FAO),,2011,210000
Land Locked Developing Countries (FAO),,2012,208285
Land Locked Developing Countries (FAO),,2013,201850
Land Locked Developing Countries (FAO),,2014,186855
Land Locked Developing Countries (FAO),,2015,187130
Land Locked Developing Countries (FAO),,2016,193276
Land Locked Developing Countries (FAO),,2017,204548
Land Locked Developing Countries (FAO),,2018,210089
Land Locked Developing Countries (FAO),,2019,216824
Land Locked Developing Countries (FAO),,2020,239517
Land Locked Developing Countries (FAO),,2021,220149
Least Developed Countries (FAO),,1961,56000
Least Developed Countries (FAO),,1962,60400
Least Developed Countries (FAO),,1963,61600
Least Developed Countries (FAO),,1964,71300
Least Developed Countries (FAO),,1965,82700
Least Developed Countries (FAO),,1966,91900
Least Developed Countries (FAO),,1967,100300
Least Developed Countries (FAO),,1968,108300
Least Developed Countries (FAO),,1969,103600
Least Developed Countries (FAO),,1970,104400
Least Developed Countries (FAO),,1971,121000
Least Developed Countries (FAO),,1972,114300
Least Developed Countries (FAO),,1973,100700
Least Developed Countries (FAO),,1974,104600
Least Developed Countries (FAO),,1975,108700
Least Developed Countries (FAO),,1976,114500
Least Developed Countries (FAO),,1977,121100
Least Developed Countries (FAO),,1978,124600
Least Developed Countries (FAO),,1979,125200
Least Developed Countries (FAO),,1980,127800
Least Developed Countries (FAO),,1981,132000
Least Developed Countries (FAO),,1982,142300
Least Developed Countries (FAO),,1983,137600
Least Developed Countries (FAO),,1984,120400
Least Developed Countries (FAO),,1985,109400
Least Developed Countries (FAO),,1986,122000
Least Developed Countries (FAO),,1987,123800
Least Developed Countries (FAO),,1988,144800
Least Developed Countries (FAO),,1989,150200
Least Developed Countries (FAO),,1990,138565
Least Developed Countries (FAO),,1991,144756
Least Developed Countries (FAO),,1992,149754
Least Developed Countries (FAO),,1993,154318
Least Developed Countries (FAO),,1994,155736
Least Developed Countries (FAO),,1995,156444
Least Developed Countries (FAO),,1996,125580
Least Developed Countries (FAO),,1997,135763
Least Developed Countries (FAO),,1998,145538
Least Developed Countries (FAO),,1999,155967
Least Developed Countries (FAO),,2000,145991
Least Developed Countries (FAO),,2001,156708
Least Developed Countries (FAO),,2002,160645
Least Developed Countries (FAO),,2003,208430
Least Developed Countries (FAO),,2004,228064
Least Developed Countries (FAO),,2005,243756
Least Developed Countries (FAO),,2006,256100
Least Developed Countries (FAO),,2007,262250
Least Developed Countries (FAO),,2008,272860
Least Developed Countries (FAO),,2009,284500
Least Developed Countries (FAO),,2010,291200
Least Developed Countries (FAO),,2011,283700
Least Developed Countries (FAO),,2012,275785
Least Developed Countries (FAO),,2013,273920
Least Developed Countries (FAO),,2014,259614
Least Developed Countries (FAO),,2015,261065
Least Developed Countries (FAO),,2016,266955
Least Developed Countries (FAO),,2017,279770
Least Developed Countries (FAO),,2018,286383
Least Developed Countries (FAO),,2019,290617
Least Developed Countries (FAO),,2020,314575
Least Developed Countries (FAO),,2021,296204
Lesotho,LSO,2015,1078
Lesotho,LSO,2016,934
Lesotho,LSO,2017,384
Lesotho,LSO,2018,301
Lesotho,LSO,2019,364
Lesotho,LSO,2020,428
Lesotho,LSO,2021,474
Low Income Food Deficit Countries (FAO),,1961,56000
Low Income Food Deficit Countries (FAO),,1962,60400
Low Income Food Deficit Countries (FAO),,1963,61600
Low Income Food Deficit Countries (FAO),,1964,71300
Low Income Food Deficit Countries (FAO),,1965,82700
Low Income Food Deficit Countries (FAO),,1966,91900
Low Income Food Deficit Countries (FAO),,1967,100300
Low Income Food Deficit Countries (FAO),,1968,108300
Low Income Food Deficit Countries (FAO),,1969,103600
Low Income Food Deficit Countries (FAO),,1970,104400
Low Income Food Deficit Countries (FAO),,1971,121000
Low Income Food Deficit Countries (FAO),,1972,114300
Low Income Food Deficit Countries (FAO),,1973,100700
Low Income Food Deficit Countries (FAO),,1974,104600
Low Income Food Deficit Countries (FAO),,1975,108700
Low Income Food Deficit Countries (FAO),,1976,114500
Low Income Food Deficit Countries (FAO),,1977,121100
Low Income Food Deficit Countries (FAO),,1978,124600
Low Income Food Deficit Countries (FAO),,1979,125200
Low Income Food Deficit Countries (FAO),,1980,127800
Low Income Food Deficit Countries (FAO),,1981,132000
Low Income Food Deficit Countries (FAO),,1982,142300
Low Income Food Deficit Countries (FAO),,1983,137600
Low Income Food Deficit Countries (FAO),,1984,120400
Low Income Food Deficit Countries (FAO),,1985,109400
Low Income Food Deficit Countries (FAO),,1986,122000
Low Income Food Deficit Countries (FAO),,1987,123800
Low Income Food Deficit Countries (FAO),,1988,144800
Low Income Food Deficit Countries (FAO),,1989,150200
Low Income Food Deficit Countries (FAO),,1990,138565
Low Income Food Deficit Countries (FAO),,1991,144756
Low Income Food Deficit Countries (FAO),,1992,149754
Low Income Food Deficit Countries (FAO),,1993,154318
Low Income Food Deficit Countries (FAO),,1994,155736
Low Income Food Deficit Countries (FAO),,1995,156444
Low Income Food Deficit Countries (FAO),,1996,125580
Low Income Food Deficit Countries (FAO),,1997,135763
Low Income Food Deficit Countries (FAO),,1998,145538
Low Income Food Deficit Countries (FAO),,1999,155967
Low Income Food Deficit Countries (FAO),,2000,145991
Low Income Food Deficit Countries (FAO),,2001,156708
Low Income Food Deficit Countries (FAO),,2002,160645
Low Income Food Deficit Countries (FAO),,2003,208430
Low Income Food Deficit Countries (FAO),,2004,228064
Low Income Food Deficit Countries (FAO),,2005,243756
Low Income Food Deficit Countries (FAO),,2006,256100
Low Income Food Deficit Countries (FAO),,2007,262250
Low Income Food Deficit Countries (FAO),,2008,272860
Low Income Food Deficit Countries (FAO),,2009,284500
Low Income Food Deficit Countries (FAO),,2010,291200
Low Income Food Deficit Countries (FAO),,2011,283700
Low Income Food Deficit Countries (FAO),,2012,275785
Low Income Food Deficit Countries (FAO),,2013,273920
Low Income Food Deficit Countries (FAO),,2014,259614
Low Income Food Deficit Countries (FAO),,2015,261065
Low Income Food Deficit Countries (FAO),,2016,266955
Low Income Food Deficit Countries (FAO),,2017,279770
Low Income Food Deficit Countries (FAO),,2018,286383
Low Income Food Deficit Countries (FAO),,2019,290617
Low Income Food Deficit Countries (FAO),,2020,314575
Low Income Food Deficit Countries (FAO),,2021,296204
Low-income countries,,1961,40500
Low-income countries,,1962,43300
Low-income countries,,1963,44200
Low-income countries,,1964,47700
Low-income countries,,1965,57500
Low-income countries,,1966,63900
Low-income countries,,1967,68700
Low-income countries,,1968,75400
Low-income countries,,1969,70800
Low-income countries,,1970,70900
Low-income countries,,1971,87400
Low-income countries,,1972,81500
Low-income countries,,1973,70000
Low-income countries,,1974,75000
Low-income countries,,1975,78000
Low-income countries,,1976,82000
Low-income countries,,1977,89000
Low-income countries,,1978,91000
Low-income countries,,1979,91000
Low-income countries,,1980,94200
Low-income countries,,1981,101800
Low-income countries,,1982,111800
Low-income countries,,1983,106800
Low-income countries,,1984,89500
Low-income countries,,1985,78500
Low-income countries,,1986,91200
Low-income countries,,1987,93400
Low-income countries,,1988,105700
Low-income countries,,1989,109700
Low-income countries,,1990,96965
Low-income countries,,1991,100973
Low-income countries,,1992,101986
Low-income countries,,1993,105965
Low-income countries,,1994,106998
Low-income countries,,1995,107321
Low-income countries,,1996,75972
Low-income countries,,1997,84970
Low-income countries,,1998,94360
Low-income countries,,1999,104204
Low-income countries,,2000,91643
Low-income countries,,2001,101175
Low-income countries,,2002,105427
Low-income countries,,2003,152827
Low-income countries,,2004,171164
Low-income countries,,2005,186406
Low-income countries,,2006,193300
Low-income countries,,2007,197450
Low-income countries,,2008,206960
Low-income countries,,2009,215000
Low-income countries,,2010,219500
Low-income countries,,2011,210000
Low-income countries,,2012,208285
Low-income countries,,2013,201850
Low-income countries,,2014,186855
Low-income countries,,2015,186053
Low-income countries,,2016,192342
Low-income countries,,2017,204164
Low-income countries,,2018,209718
Low-income countries,,2019,216269
Low-income countries,,2020,239039
Low-income countries,,2021,219575
Lower-middle-income countries,,1961,15500
Lower-middle-income countries,,1962,17100
Lower-middle-income countries,,1963,17400
Lower-middle-income countries,,1964,23600
Lower-middle-income countries,,1965,25200
Lower-middle-income countries,,1966,28000
Lower-middle-income countries,,1967,31600
Lower-middle-income countries,,1968,32900
Lower-middle-income countries,,1969,32800
Lower-middle-income countries,,1970,33500
Lower-middle-income countries,,1971,33600
Lower-middle-income countries,,1972,32800
Lower-middle-income countries,,1973,30700
Lower-middle-income countries,,1974,29600
Lower-middle-income countries,,1975,30700
Lower-middle-income countries,,1976,32500
Lower-middle-income countries,,1977,32100
Lower-middle-income countries,,1978,33600
Lower-middle-income countries,,1979,34200
Lower-middle-income countries,,1980,33600
Lower-middle-income countries,,1981,30200
Lower-middle-income countries,,1982,30500
Lower-middle-income countries,,1983,30800
Lower-middle-income countries,,1984,30900
Lower-middle-income countries,,1985,30900
Lower-middle-income countries,,1986,30800
Lower-middle-income countries,,1987,30400
Lower-middle-income countries,,1988,39100
Lower-middle-income countries,,1989,40500
Lower-middle-income countries,,1990,41600
Lower-middle-income countries,,1991,43783
Lower-middle-income countries,,1992,47768
Lower-middle-income countries,,1993,48353
Lower-middle-income countries,,1994,48738
Lower-middle-income countries,,1995,49123
Lower-middle-income countries,,1996,49608
Lower-middle-income countries,,1997,50793
Lower-middle-income countries,,1998,51178
Lower-middle-income countries,,1999,51763
Lower-middle-income countries,,2000,54348
Lower-middle-income countries,,2001,55533
Lower-middle-income countries,,2002,55218
Lower-middle-income countries,,2003,55603
Lower-middle-income countries,,2004,56900
Lower-middle-income countries,,2005,57350
Lower-middle-income countries,,2006,62800
Lower-middle-income countries,,2007,64800
Lower-middle-income countries,,2008,65900
Lower-middle-income countries,,2009,69500
Lower-middle-income countries,,2010,71700
Lower-middle-income countries,,2011,73700
Lower-middle-income countries,,2012,67500
Lower-middle-income countries,,2013,72070
Lower-middle-income countries,,2014,72759
Lower-middle-income countries,,2015,75013
Lower-middle-income countries,,2016,74613
Lower-middle-income countries,,2017,75606
Lower-middle-income countries,,2018,76665
Lower-middle-income countries,,2019,74347
Lower-middle-income countries,,2020,75535
Lower-middle-income countries,,2021,76629
Mali,MLI,1961,14500
Mali,MLI,1962,16500
Mali,MLI,1963,15500
Mali,MLI,1964,17000
Mali,MLI,1965,23500
Mali,MLI,1966,24900
Mali,MLI,1967,25700
Mali,MLI,1968,26400
Mali,MLI,1969,23800
Mali,MLI,1970,23700
Mali,MLI,1971,23000
Mali,MLI,1972,19500
Mali,MLI,1973,16000
Mali,MLI,1974,17000
Mali,MLI,1975,18000
Mali,MLI,1976,19000
Mali,MLI,1977,20000
Mali,MLI,1978,21000
Mali,MLI,1979,22000
Mali,MLI,1980,23500
Mali,MLI,1981,29000
Mali,MLI,1982,38000
Mali,MLI,1983,30800
Mali,MLI,1984,27500
Mali,MLI,1985,21800
Mali,MLI,1986,19200
Mali,MLI,1987,17400
Mali,MLI,1988,25500
Mali,MLI,1989,26000
Mali,MLI,1990,28800
Mali,MLI,1991,28720
Mali,MLI,1992,29790
Mali,MLI,1993,31000
Mali,MLI,1994,31360
Mali,MLI,1995,33900
Mali,MLI,1996,35650
Mali,MLI,1997,37620
Mali,MLI,1998,39850
Mali,MLI,1999,42390
Mali,MLI,2000,45280
Mali,MLI,2001,35500
Mali,MLI,2002,36300
Mali,MLI,2003,37100
Mali,MLI,2004,37680
Mali,MLI,2005,45000
Mali,MLI,2006,40800
Mali,MLI,2007,39650
Mali,MLI,2008,40720
Mali,MLI,2009,43000
Mali,MLI,2010,44000
Mali,MLI,2011,45000
Mali,MLI,2012,45612
Mali,MLI,2013,46482
Mali,MLI,2014,47657
Mali,MLI,2015,48769
Mali,MLI,2016,51203
Mali,MLI,2017,56475
Mali,MLI,2018,57716
Mali,MLI,2019,58984
Mali,MLI,2020,60280
Mali,MLI,2021,61605
Mauritania,MRT,1961,9000
Mauritania,MRT,1962,9000
Mauritania,MRT,1963,9000
Mauritania,MRT,1964,9500
Mauritania,MRT,1965,10500
Mauritania,MRT,1966,11900
Mauritania,MRT,1967,15000
Mauritania,MRT,1968,15000
Mauritania,MRT,1969,15000
Mauritania,MRT,1970,15000
Mauritania,MRT,1971,14600
Mauritania,MRT,1972,14200
Mauritania,MRT,1973,12100
Mauritania,MRT,1974,10600
Mauritania,MRT,1975,11100
Mauritania,MRT,1976,12100
Mauritania,MRT,1977,11100
Mauritania,MRT,1978,10600
Mauritania,MRT,1979,10600
Mauritania,MRT,1980,9800
Mauritania,MRT,1981,9900
Mauritania,MRT,1982,9900
Mauritania,MRT,1983,10000
Mauritania,MRT,1984,10000
Mauritania,MRT,1985,10300
Mauritania,MRT,1986,10400
Mauritania,MRT,1987,10400
Mauritania,MRT,1988,10500
Mauritania,MRT,1989,10500
Mauritania,MRT,1990,10600
Mauritania,MRT,1991,10983
Mauritania,MRT,1992,11368
Mauritania,MRT,1993,11753
Mauritania,MRT,1994,12138
Mauritania,MRT,1995,12523
Mauritania,MRT,1996,12908
Mauritania,MRT,1997,13293
Mauritania,MRT,1998,13678
Mauritania,MRT,1999,14063
Mauritania,MRT,2000,14448
Mauritania,MRT,2001,14833
Mauritania,MRT,2002,15218
Mauritania,MRT,2003,15603
Mauritania,MRT,2004,15750
Mauritania,MRT,2005,15750
Mauritania,MRT,2006,21000
Mauritania,MRT,2007,21000
Mauritania,MRT,2008,21700
Mauritania,MRT,2009,21700
Mauritania,MRT,2010,21700
Mauritania,MRT,2011,21700
Mauritania,MRT,2012,17500
Mauritania,MRT,2013,21070
Mauritania,MRT,2014,21700
Mauritania,MRT,2015,22541
Mauritania,MRT,2016,21171
Mauritania,MRT,2017,21968
Mauritania,MRT,2018,22509
Mauritania,MRT,2019,22905
Mauritania,MRT,2020,23188
Mauritania,MRT,2021,23801
Net Food Importing Developing Countries (FAO),,1961,56000
Net Food Importing Developing Countries (FAO),,1962,60400
Net Food Importing Developing Countries (FAO),,1963,61600
Net Food Importing Developing Countries (FAO),,1964,71300
Net Food Importing Developing Countries (FAO),,1965,82700
Net Food Importing Developing Countries (FAO),,1966,91900
Net Food Importing Developing Countries (FAO),,1967,100300
Net Food Importing Developing Countries (FAO),,1968,108300
Net Food Importing Developing Countries (FAO),,1969,103600
Net Food Importing Developing Countries (FAO),,1970,104400
Net Food Importing Developing Countries (FAO),,1971,121000
Net Food Importing Developing Countries (FAO),,1972,114300
Net Food Importing Developing Countries (FAO),,1973,100700
Net Food Importing Developing Countries (FAO),,1974,104600
Net Food Importing Developing Countries (FAO),,1975,108700
Net Food Importing Developing Countries (FAO),,1976,114500
Net Food Importing Developing Countries (FAO),,1977,121100
Net Food Importing Developing Countries (FAO),,1978,124600
Net Food Importing Developing Countries (FAO),,1979,125200
Net Food Importing Developing Countries (FAO),,1980,127800
Net Food Importing Developing Countries (FAO),,1981,132000
Net Food Importing Developing Countries (FAO),,1982,142300
Net Food Importing Developing Countries (FAO),,1983,137600
Net Food Importing Developing Countries (FAO),,1984,120400
Net Food Importing Developing Countries (FAO),,1985,109400
Net Food Importing Developing Countries (FAO),,1986,122000
Net Food Importing Developing Countries (FAO),,1987,123800
Net Food Importing Developing Countries (FAO),,1988,144800
Net Food Importing Developing Countries (FAO),,1989,150200
Net Food Importing Developing Countries (FAO),,1990,138565
Net Food Importing Developing Countries (FAO),,1991,144756
Net Food Importing Developing Countries (FAO),,1992,149754
Net Food Importing Developing Countries (FAO),,1993,154318
Net Food Importing Developing Countries (FAO),,1994,155736
Net Food Importing Developing Countries (FAO),,1995,156444
Net Food Importing Developing Countries (FAO),,1996,125580
Net Food Importing Developing Countries (FAO),,1997,135763
Net Food Importing Developing Countries (FAO),,1998,145538
Net Food Importing Developing Countries (FAO),,1999,155967
Net Food Importing Developing Countries (FAO),,2000,145991
Net Food Importing Developing Countries (FAO),,2001,156708
Net Food Importing Developing Countries (FAO),,2002,160645
Net Food Importing Developing Countries (FAO),,2003,208430
Net Food Importing Developing Countries (FAO),,2004,228064
Net Food Importing Developing Countries (FAO),,2005,243756
Net Food Importing Developing Countries (FAO),,2006,256100
Net Food Importing Developing Countries (FAO),,2007,262250
Net Food Importing Developing Countries (FAO),,2008,272860
Net Food Importing Developing Countries (FAO),,2009,284500
Net Food Importing Developing Countries (FAO),,2010,291200
Net Food Importing Developing Countries (FAO),,2011,283700
Net Food Importing Developing Countries (FAO),,2012,275785
Net Food Importing Developing Countries (FAO),,2013,273920
Net Food Importing Developing Countries (FAO),,2014,259614
Net Food Importing Developing Countries (FAO),,2015,261065
Net Food Importing Developing Countries (FAO),,2016,266955
Net Food Importing Developing Countries (FAO),,2017,279770
Net Food Importing Developing Countries (FAO),,2018,286383
Net Food Importing Developing Countries (FAO),,2019,290617
Net Food Importing Developing Countries (FAO),,2020,314575
Net Food Importing Developing Countries (FAO),,2021,296204
Niger,NER,1961,12000
Niger,NER,1962,14000
Niger,NER,1963,15000
Niger,NER,1964,17000
Niger,NER,1965,19000
Niger,NER,1966,21000
Niger,NER,1967,23000
Niger,NER,1968,25000
Niger,NER,1969,27000
Niger,NER,1970,27200
Niger,NER,1971,44400
Niger,NER,1972,44000
Niger,NER,1973,38000
Niger,NER,1974,41000
Niger,NER,1975,42000
Niger,NER,1976,43000
Niger,NER,1977,49000
Niger,NER,1978,50000
Niger,NER,1979,49000
Niger,NER,1980,49700
Niger,NER,1981,50800
Niger,NER,1982,50800
Niger,NER,1983,51000
Niger,NER,1984,34000
Niger,NER,1985,26700
Niger,NER,1986,40000
Niger,NER,1987,41000
Niger,NER,1988,42200
Niger,NER,1989,43700
Niger,NER,1990,46800
Niger,NER,1991,49600
Niger,NER,1992,48800
Niger,NER,1993,50000
Niger,NER,1994,49000
Niger,NER,1995,45000
Niger,NER,1996,10000
Niger,NER,1997,15000
Niger,NER,1998,20000
Niger,NER,1999,25000
Niger,NER,2000,8000
Niger,NER,2001,25000
Niger,NER,2002,26000
Niger,NER,2003,70000
Niger,NER,2004,85000
Niger,NER,2005,90000
Niger,NER,2006,98000
Niger,NER,2007,100000
Niger,NER,2008,105000
Niger,NER,2009,107000
Niger,NER,2010,110000
Niger,NER,2011,110000
Niger,NER,2012,112673
Niger,NER,2013,115368
Niger,NER,2014,114198
Niger,NER,2015,118884
Niger,NER,2016,123706
Niger,NER,2017,128539
Niger,NER,2018,133669
Niger,NER,2019,138952
Niger,NER,2020,144394
Niger,NER,2021,134293
Senegal,SEN,1961,6500
Senegal,SEN,1962,8100
Senegal,SEN,1963,8400
Senegal,SEN,1964,14100
Senegal,SEN,1965,14700
Senegal,SEN,1966,16100
Senegal,SEN,1967,16600
Senegal,SEN,1968,17900
Senegal,SEN,1969,17800
Senegal,SEN,1970,18500
Senegal,SEN,1971,19000
Senegal,SEN,1972,18600
Senegal,SEN,1973,18600
Senegal,SEN,1974,19000
Senegal,SEN,1975,19600
Senegal,SEN,1976,20400
Senegal,SEN,1977,21000
Senegal,SEN,1978,23000
Senegal,SEN,1979,23600
Senegal,SEN,1980,23800
Senegal,SEN,1981,20300
Senegal,SEN,1982,20600
Senegal,SEN,1983,20800
Senegal,SEN,1984,20900
Senegal,SEN,1985,20600
Senegal,SEN,1986,20400
Senegal,SEN,1987,20000
Senegal,SEN,1988,28600
Senegal,SEN,1989,30000
Senegal,SEN,1990,31000
Senegal,SEN,1991,32800
Senegal,SEN,1992,36400
Senegal,SEN,1993,36600
Senegal,SEN,1994,36600
Senegal,SEN,1995,36600
Senegal,SEN,1996,36700
Senegal,SEN,1997,37500
Senegal,SEN,1998,37500
Senegal,SEN,1999,37700
Senegal,SEN,2000,39900
Senegal,SEN,2001,40700
Senegal,SEN,2002,40000
Senegal,SEN,2003,40000
Senegal,SEN,2004,41150
Senegal,SEN,2005,41600
Senegal,SEN,2006,41800
Senegal,SEN,2007,43800
Senegal,SEN,2008,44200
Senegal,SEN,2009,47800
Senegal,SEN,2010,50000
Senegal,SEN,2011,52000
Senegal,SEN,2012,50000
Senegal,SEN,2013,51000
Senegal,SEN,2014,51059
Senegal,SEN,2015,51394
Senegal,SEN,2016,52508
Senegal,SEN,2017,53254
Senegal,SEN,2018,53855
Senegal,SEN,2019,51078
Senegal,SEN,2020,51919
Senegal,SEN,2021,52354
South America,,2016,0
South America,,2017,1730
South America,,2018,982
South America,,2019,1033
South America,,2020,1080
South America,,2021,1093
South America (FAO),,2017,1730
South America (FAO),,2018,982
South America (FAO),,2019,1033
South America (FAO),,2020,1080
South America (FAO),,2021,1093
Southern Africa (FAO),,2015,1078
Southern Africa (FAO),,2016,934
Southern Africa (FAO),,2017,384
Southern Africa (FAO),,2018,301
Southern Africa (FAO),,2019,364
Southern Africa (FAO),,2020,428
Southern Africa (FAO),,2021,474
Southern Europe (FAO),,1961,28000
Southern Europe (FAO),,1962,34900
Southern Europe (FAO),,1963,30100
Southern Europe (FAO),,1964,32800
Southern Europe (FAO),,1965,47400
Southern Europe (FAO),,1966,45000
Southern Europe (FAO),,1967,34000
Southern Europe (FAO),,1968,25700
Southern Europe (FAO),,1969,21100
Southern Europe (FAO),,1970,22000
Southern Europe (FAO),,1971,27300
Southern Europe (FAO),,1972,29000
Southern Europe (FAO),,1973,27200
Southern Europe (FAO),,1974,23300
Southern Europe (FAO),,1975,18334
Southern Europe (FAO),,1976,15700
Southern Europe (FAO),,1977,14600
Southern Europe (FAO),,1978,15121
Southern Europe (FAO),,1979,12949
Southern Europe (FAO),,1980,11800
Southern Europe (FAO),,1981,12352
Southern Europe (FAO),,1982,11832
Southern Europe (FAO),,1983,6579
Southern Europe (FAO),,1984,5718
Southern Europe (FAO),,1985,6485
Southern Europe (FAO),,1986,6000
Southern Europe (FAO),,1987,4878
Southern Europe (FAO),,1988,4190
Southern Europe (FAO),,1989,4232
Southern Europe (FAO),,1990,3677
Southern Europe (FAO),,1991,3301
Southern Europe (FAO),,1992,3532
Southern Europe (FAO),,1993,3500
Southern Europe (FAO),,1994,3500
Southern Europe (FAO),,1995,3500
Southern Europe (FAO),,1996,3100
Southern Europe (FAO),,1997,3100
Southern Europe (FAO),,1998,3498
Southern Europe (FAO),,1999,3000
Southern Europe (FAO),,2000,3000
Southern Europe (FAO),,2001,3000
Southern Europe (FAO),,2002,3000
Southern Europe (FAO),,2003,3000
Southern Europe (FAO),,2004,3000
Southern Europe (FAO),,2005,3000
Southern Europe (FAO),,2006,3000
Southern Europe (FAO),,2007,3000
Southern Europe (FAO),,2008,3000
Southern Europe (FAO),,2009,3000
Southern Europe (FAO),,2010,3000
Southern Europe (FAO),,2011,3000
Southern Europe (FAO),,2012,3000
Southern Europe (FAO),,2013,3000
Southern Europe (FAO),,2014,3000
Southern Europe (FAO),,2015,2964
Southern Europe (FAO),,2016,2997
Southern Europe (FAO),,2017,3000
Spain,ESP,1961,28000
Spain,ESP,1962,34900
Spain,ESP,1963,30100
Spain,ESP,1964,32800
Spain,ESP,1965,47400
Spain,ESP,1966,45000
Spain,ESP,1967,34000
Spain,ESP,1968,25700
Spain,ESP,1969,21100
Spain,ESP,1970,22000
Spain,ESP,1971,27300
Spain,ESP,1972,29000
Spain,ESP,1973,27200
Spain,ESP,1974,23300
Spain,ESP,1975,18334
Spain,ESP,1976,15700
Spain,ESP,1977,14600
Spain,ESP,1978,15121
Spain,ESP,1979,12949
Spain,ESP,1980,11800
Spain,ESP,1981,12352
Spain,ESP,1982,11832
Spain,ESP,1983,6579
Spain,ESP,1984,5718
Spain,ESP,1985,6485
Spain,ESP,1986,6000
Spain,ESP,1987,4878
Spain,ESP,1988,4190
Spain,ESP,1989,4232
Spain,ESP,1990,3677
Spain,ESP,1991,3301
Spain,ESP,1992,3532
Spain,ESP,1993,3500
Spain,ESP,1994,3500
Spain,ESP,1995,3500
Spain,ESP,1996,3100
Spain,ESP,1997,3100
Spain,ESP,1998,3498
Spain,ESP,1999,3000
Spain,ESP,2000,3000
Spain,ESP,2001,3000
Spain,ESP,2002,3000
Spain,ESP,2003,3000
Spain,ESP,2004,3000
Spain,ESP,2005,3000
Spain,ESP,2006,3000
Spain,ESP,2007,3000
Spain,ESP,2008,3000
Spain,ESP,2009,3000
Spain,ESP,2010,3000
Spain,ESP,2011,3000
Spain,ESP,2012,3000
Spain,ESP,2013,3000
Spain,ESP,2014,3000
Spain,ESP,2015,2964
Spain,ESP,2016,2997
Spain,ESP,2017,3000
Upper-middle-income countries,,1961,161200
Upper-middle-income countries,,1962,182000
Upper-middle-income countries,,1963,181200
Upper-middle-income countries,,1964,186000
Upper-middle-income countries,,1965,196000
Upper-middle-income countries,,1966,207600
Upper-middle-income countries,,1967,217600
Upper-middle-income countries,,1968,227700
Upper-middle-income countries,,1969,234900
Upper-middle-income countries,,1970,242700
Upper-middle-income countries,,1971,254700
Upper-middle-income countries,,1972,262700
Upper-middle-income countries,,1973,252800
Upper-middle-income countries,,1974,252800
Upper-middle-income countries,,1975,249852
Upper-middle-income countries,,1976,251626
Upper-middle-income countries,,1977,233468
Upper-middle-income countries,,1978,233934
Upper-middle-income countries,,1979,228861
Upper-middle-income countries,,1980,225133
Upper-middle-income countries,,1981,237357
Upper-middle-income countries,,1982,250106
Upper-middle-income countries,,1983,270101
Upper-middle-income countries,,1984,275014
Upper-middle-income countries,,1985,282025
Upper-middle-income countries,,1986,295000
Upper-middle-income countries,,1987,300000
Upper-middle-income countries,,1988,310000
Upper-middle-income countries,,1989,320000
Upper-middle-income countries,,1990,330000
Upper-middle-income countries,,1991,340000
Upper-middle-income countries,,1992,2000000
Upper-middle-income countries,,1993,1975000
Upper-middle-income countries,,1994,1960000
Upper-middle-income countries,,1995,1966000
Upper-middle-income countries,,1996,2149000
Upper-middle-income countries,,1997,1889000
Upper-middle-income countries,,1998,1879000
Upper-middle-income countries,,1999,1943000
Upper-middle-income countries,,2000,2017000
Upper-middle-income countries,,2001,2030000
Upper-middle-income countries,,2002,2115000
Upper-middle-income countries,,2003,2123000
Upper-middle-income countries,,2004,2175570
Upper-middle-income countries,,2005,2170600
Upper-middle-income countries,,2006,2231400
Upper-middle-income countries,,2007,2161000
Upper-middle-income countries,,2008,2150000
Upper-middle-income countries,,2009,2279000
Upper-middle-income countries,,2010,2292000
Upper-middle-income countries,,2011,2399000
Upper-middle-income countries,,2012,2400000
Upper-middle-income countries,,2013,2378100
Upper-middle-income countries,,2014,2266000
Upper-middle-income countries,,2015,1840978
Upper-middle-income countries,,2016,1520427
Upper-middle-income countries,,2017,1067726
Upper-middle-income countries,,2018,1058488
Upper-middle-income countries,,2019,1140575
Upper-middle-income countries,,2020,972304
Upper-middle-income countries,,2021,823139
Western Africa (FAO),,1961,56000
Western Africa (FAO),,1962,60400
Western Africa (FAO),,1963,61600
Western Africa (FAO),,1964,71300
Western Africa (FAO),,1965,82700
Western Africa (FAO),,1966,91900
Western Africa (FAO),,1967,100300
Western Africa (FAO),,1968,108300
Western Africa (FAO),,1969,103600
Western Africa (FAO),,1970,104400
Western Africa (FAO),,1971,121000
Western Africa (FAO),,1972,114300
Western Africa (FAO),,1973,100700
Western Africa (FAO),,1974,104600
Western Africa (FAO),,1975,108700
Western Africa (FAO),,1976,114500
Western Africa (FAO),,1977,121100
Western Africa (FAO),,1978,124600
Western Africa (FAO),,1979,125200
Western Africa (FAO),,1980,127800
Western Africa (FAO),,1981,132000
Western Africa (FAO),,1982,142300
Western Africa (FAO),,1983,137600
Western Africa (FAO),,1984,120400
Western Africa (FAO),,1985,109400
Western Africa (FAO),,1986,122000
Western Africa (FAO),,1987,123800
Western Africa (FAO),,1988,144800
Western Africa (FAO),,1989,150200
Western Africa (FAO),,1990,138565
Western Africa (FAO),,1991,144756
Western Africa (FAO),,1992,149754
Western Africa (FAO),,1993,154318
Western Africa (FAO),,1994,155736
Western Africa (FAO),,1995,156444
Western Africa (FAO),,1996,125580
Western Africa (FAO),,1997,135763
Western Africa (FAO),,1998,145538
Western Africa (FAO),,1999,155967
Western Africa (FAO),,2000,145991
Western Africa (FAO),,2001,156708
Western Africa (FAO),,2002,160645
Western Africa (FAO),,2003,208430
Western Africa (FAO),,2004,228064
Western Africa (FAO),,2005,243756
Western Africa (FAO),,2006,256100
Western Africa (FAO),,2007,262250
Western Africa (FAO),,2008,272860
Western Africa (FAO),,2009,284500
Western Africa (FAO),,2010,291200
Western Africa (FAO),,2011,283700
Western Africa (FAO),,2012,275785
Western Africa (FAO),,2013,273920
Western Africa (FAO),,2014,259614
Western Africa (FAO),,2015,259987
Western Africa (FAO),,2016,266021
Western Africa (FAO),,2017,279386
Western Africa (FAO),,2018,286083
Western Africa (FAO),,2019,290253
Western Africa (FAO),,2020,314146
Western Africa (FAO),,2021,295730
World,OWID_WRL,1961,245200
World,OWID_WRL,1962,277300
World,OWID_WRL,1963,272900
World,OWID_WRL,1964,290100
World,OWID_WRL,1965,326100
World,OWID_WRL,1966,344500
World,OWID_WRL,1967,351900
World,OWID_WRL,1968,361700
World,OWID_WRL,1969,359600
World,OWID_WRL,1970,369100
World,OWID_WRL,1971,403000
World,OWID_WRL,1972,406000
World,OWID_WRL,1973,380700
World,OWID_WRL,1974,380700
World,OWID_WRL,1975,376886
World,OWID_WRL,1976,381826
World,OWID_WRL,1977,369168
World,OWID_WRL,1978,373655
World,OWID_WRL,1979,367010
World,OWID_WRL,1980,364733
World,OWID_WRL,1981,381709
World,OWID_WRL,1982,404238
World,OWID_WRL,1983,414280
World,OWID_WRL,1984,401132
World,OWID_WRL,1985,397910
World,OWID_WRL,1986,423000
World,OWID_WRL,1987,428678
World,OWID_WRL,1988,458990
World,OWID_WRL,1989,474432
World,OWID_WRL,1990,472242
World,OWID_WRL,1991,488057
World,OWID_WRL,1992,2153286
World,OWID_WRL,1993,2132818
World,OWID_WRL,1994,2119236
World,OWID_WRL,1995,2125944
World,OWID_WRL,1996,2277680
World,OWID_WRL,1997,2027863
World,OWID_WRL,1998,2028036
World,OWID_WRL,1999,2101967
World,OWID_WRL,2000,2165991
World,OWID_WRL,2001,2189708
World,OWID_WRL,2002,2278645
World,OWID_WRL,2003,2334430
World,OWID_WRL,2004,2406634
World,OWID_WRL,2005,2417356
World,OWID_WRL,2006,2490500
World,OWID_WRL,2007,2426250
World,OWID_WRL,2008,2425860
World,OWID_WRL,2009,2566500
World,OWID_WRL,2010,2586200
World,OWID_WRL,2011,2685700
World,OWID_WRL,2012,2678785
World,OWID_WRL,2013,2655020
World,OWID_WRL,2014,2528614
World,OWID_WRL,2015,2105008
World,OWID_WRL,2016,1790380
World,OWID_WRL,2017,1350496
World,OWID_WRL,2018,1344872
World,OWID_WRL,2019,1431193
World,OWID_WRL,2020,1286879
World,OWID_WRL,2021,1119343