Entity,Code,Year,"Meat, buffalo | 00000947 || Producing or slaughtered animals | 005320 || animals"
Africa,,1961,496000
Africa,,1962,504000
Africa,,1963,511000
Africa,,1964,519000
Africa,,1965,527000
Africa,,1966,535000
Africa,,1967,542000
Africa,,1968,648000
Africa,,1969,700000
Africa,,1970,695000
Africa,,1971,731000
Africa,,1972,751000
Africa,,1973,771000
Africa,,1974,790000
Africa,,1975,809000
Africa,,1976,828000
Africa,,1977,847000
Africa,,1978,890143
Africa,,1979,919661
Africa,,1980,934078
Africa,,1981,956109
Africa,,1982,960000
Africa,,1983,970000
Africa,,1984,1100000
Africa,,1985,1010000
Africa,,1986,1020000
Africa,,1987,1025000
Africa,,1988,1035000
Africa,,1989,1070000
Africa,,1990,1215000
Africa,,1991,1103000
Africa,,1992,1125000
Africa,,1993,1147000
Africa,,1994,1280000
Africa,,1995,1375000
Africa,,1996,1370000
Africa,,1997,1450000
Africa,,1998,1520000
Africa,,1999,1580000
Africa,,2000,1640000
Africa,,2001,1073468
Africa,,2002,1156965
Africa,,2003,1048000
Africa,,2004,1068000
Africa,,2005,1115000
Africa,,2006,1132000
Africa,,2007,1167000
Africa,,2008,1182000
Africa,,2009,1228000
Africa,,2010,1262000
Africa,,2011,1271000
Africa,,2012,1205000
Africa,,2013,1170000
Africa,,2014,1149000
Africa,,2015,1179000
Africa,,2016,1089000
Africa,,2017,1077000
Africa,,2018,1096000
Africa,,2019,659000
Africa,,2020,556000
Africa,,2021,504634
Africa (FAO),,1961,496000
Africa (FAO),,1962,504000
Africa (FAO),,1963,511000
Africa (FAO),,1964,519000
Africa (FAO),,1965,527000
Africa (FAO),,1966,535000
Africa (FAO),,1967,542000
Africa (FAO),,1968,648000
Africa (FAO),,1969,700000
Africa (FAO),,1970,695000
Africa (FAO),,1971,731000
Africa (FAO),,1972,751000
Africa (FAO),,1973,771000
Africa (FAO),,1974,790000
Africa (FAO),,1975,809000
Africa (FAO),,1976,828000
Africa (FAO),,1977,847000
Africa (FAO),,1978,890143
Africa (FAO),,1979,919661
Africa (FAO),,1980,934078
Africa (FAO),,1981,956109
Africa (FAO),,1982,960000
Africa (FAO),,1983,970000
Africa (FAO),,1984,1100000
Africa (FAO),,1985,1010000
Africa (FAO),,1986,1020000
Africa (FAO),,1987,1025000
Africa (FAO),,1988,1035000
Africa (FAO),,1989,1070000
Africa (FAO),,1990,1215000
Africa (FAO),,1991,1103000
Africa (FAO),,1992,1125000
Africa (FAO),,1993,1147000
Africa (FAO),,1994,1280000
Africa (FAO),,1995,1375000
Africa (FAO),,1996,1370000
Africa (FAO),,1997,1450000
Africa (FAO),,1998,1520000
Africa (FAO),,1999,1580000
Africa (FAO),,2000,1640000
Africa (FAO),,2001,1073468
Africa (FAO),,2002,1156965
Africa (FAO),,2003,1048000
Africa (FAO),,2004,1068000
Africa (FAO),,2005,1115000
Africa (FAO),,2006,1132000
Africa (FAO),,2007,1167000
Africa (FAO),,2008,1182000
Africa (FAO),,2009,1228000
Africa (FAO),,2010,1262000
Africa (FAO),,2011,1271000
Africa (FAO),,2012,1205000
Africa (FAO),,2013,1170000
Africa (FAO),,2014,1149000
Africa (FAO),,2015,1179000
Africa (FAO),,2016,1089000
Africa (FAO),,2017,1077000
Africa (FAO),,2018,1096000
Africa (FAO),,2019,659000
Africa (FAO),,2020,556000
Africa (FAO),,2021,504634
Americas (FAO),,2011,8000
Americas (FAO),,2012,9000
Americas (FAO),,2013,10500
Americas (FAO),,2014,14486
Americas (FAO),,2015,19599
Americas (FAO),,2016,22918
Americas (FAO),,2017,26163
Americas (FAO),,2018,85074
Americas (FAO),,2019,114971
Americas (FAO),,2020,111185
Americas (FAO),,2021,115779
Asia,,1961,7167365
Asia,,1962,7375485
Asia,,1963,7515959
Asia,,1964,7803869
Asia,,1965,7961716
Asia,,1966,8071256
Asia,,1967,8296597
Asia,,1968,8531491
Asia,,1969,8655182
Asia,,1970,8885452
Asia,,1971,9140355
Asia,,1972,9297664
Asia,,1973,9625230
Asia,,1974,9894633
Asia,,1975,9970240
Asia,,1976,10184575
Asia,,1977,10385319
Asia,,1978,10524670
Asia,,1979,10808445
Asia,,1980,11007703
Asia,,1981,11338734
Asia,,1982,12128075
Asia,,1983,12306284
Asia,,1984,12597160
Asia,,1985,13261124
Asia,,1986,13737688
Asia,,1987,13803534
Asia,,1988,14977458
Asia,,1989,14796309
Asia,,1990,15040014
Asia,,1991,15495335
Asia,,1992,15861349
Asia,,1993,16603096
Asia,,1994,17126830
Asia,,1995,17808011
Asia,,1996,16483297
Asia,,1997,17790405
Asia,,1998,18084111
Asia,,1999,18666598
Asia,,2000,18788777
Asia,,2001,19258740
Asia,,2002,19566524
Asia,,2003,18986903
Asia,,2004,19594149
Asia,,2005,20135398
Asia,,2006,20937028
Asia,,2007,21718813
Asia,,2008,22036785
Asia,,2009,23634952
Asia,,2010,24536764
Asia,,2011,24747016
Asia,,2012,25205613
Asia,,2013,24879658
Asia,,2014,25105016
Asia,,2015,25149148
Asia,,2016,25401314
Asia,,2017,25554178
Asia,,2018,26203063
Asia,,2019,27199709
Asia,,2020,27239112
Asia,,2021,27870439
Asia (FAO),,1961,7167365
Asia (FAO),,1962,7375485
Asia (FAO),,1963,7515959
Asia (FAO),,1964,7803869
Asia (FAO),,1965,7961716
Asia (FAO),,1966,8071256
Asia (FAO),,1967,8296597
Asia (FAO),,1968,8531491
Asia (FAO),,1969,8655182
Asia (FAO),,1970,8885452
Asia (FAO),,1971,9140355
Asia (FAO),,1972,9297664
Asia (FAO),,1973,9625230
Asia (FAO),,1974,9894633
Asia (FAO),,1975,9970240
Asia (FAO),,1976,10184575
Asia (FAO),,1977,10385319
Asia (FAO),,1978,10524670
Asia (FAO),,1979,10808445
Asia (FAO),,1980,11007703
Asia (FAO),,1981,11338734
Asia (FAO),,1982,12128075
Asia (FAO),,1983,12306284
Asia (FAO),,1984,12597160
Asia (FAO),,1985,13261124
Asia (FAO),,1986,13737688
Asia (FAO),,1987,13803534
Asia (FAO),,1988,14977458
Asia (FAO),,1989,14796309
Asia (FAO),,1990,15040014
Asia (FAO),,1991,15495334
Asia (FAO),,1992,15861349
Asia (FAO),,1993,16603096
Asia (FAO),,1994,17126830
Asia (FAO),,1995,17808012
Asia (FAO),,1996,16483297
Asia (FAO),,1997,17790404
Asia (FAO),,1998,18084112
Asia (FAO),,1999,18666600
Asia (FAO),,2000,18788776
Asia (FAO),,2001,19258740
Asia (FAO),,2002,19566524
Asia (FAO),,2003,18986904
Asia (FAO),,2004,19594148
Asia (FAO),,2005,20135398
Asia (FAO),,2006,20937028
Asia (FAO),,2007,21718812
Asia (FAO),,2008,22036784
Asia (FAO),,2009,23634952
Asia (FAO),,2010,24536764
Asia (FAO),,2011,24747016
Asia (FAO),,2012,25205614
Asia (FAO),,2013,24879658
Asia (FAO),,2014,25105016
Asia (FAO),,2015,25149148
Asia (FAO),,2016,25401312
Asia (FAO),,2017,25554180
Asia (FAO),,2018,26203064
Asia (FAO),,2019,27199708
Asia (FAO),,2020,27239112
Asia (FAO),,2021,27870440
Bangladesh,BGD,1961,25000
Bangladesh,BGD,1962,27000
Bangladesh,BGD,1963,30000
Bangladesh,BGD,1964,32000
Bangladesh,BGD,1965,31500
Bangladesh,BGD,1966,32500
Bangladesh,BGD,1967,35000
Bangladesh,BGD,1968,39000
Bangladesh,BGD,1969,40000
Bangladesh,BGD,1970,41500
Bangladesh,BGD,1971,35000
Bangladesh,BGD,1972,29000
Bangladesh,BGD,1973,22000
Bangladesh,BGD,1974,22000
Bangladesh,BGD,1975,22000
Bangladesh,BGD,1976,22000
Bangladesh,BGD,1977,23500
Bangladesh,BGD,1978,21700
Bangladesh,BGD,1979,26700
Bangladesh,BGD,1980,24000
Bangladesh,BGD,1981,24000
Bangladesh,BGD,1982,24000
Bangladesh,BGD,1983,24000
Bangladesh,BGD,1984,28910
Bangladesh,BGD,1985,30000
Bangladesh,BGD,1986,32000
Bangladesh,BGD,1987,33000
Bangladesh,BGD,1988,35000
Bangladesh,BGD,1989,36000
Bangladesh,BGD,1990,39000
Bangladesh,BGD,1991,36779
Bangladesh,BGD,1992,37186
Bangladesh,BGD,1993,38719
Bangladesh,BGD,1994,39090
Bangladesh,BGD,1995,39462
Bangladesh,BGD,1996,38491
Bangladesh,BGD,1997,38236
Bangladesh,BGD,1998,40199
Bangladesh,BGD,1999,45939
Bangladesh,BGD,2000,50000
Bangladesh,BGD,2001,52000
Bangladesh,BGD,2002,53750
Bangladesh,BGD,2003,57000
Bangladesh,BGD,2004,58750
Bangladesh,BGD,2005,62000
Bangladesh,BGD,2006,65000
Bangladesh,BGD,2007,67500
Bangladesh,BGD,2008,70000
Bangladesh,BGD,2009,72500
Bangladesh,BGD,2010,74500
Bangladesh,BGD,2011,77000
Bangladesh,BGD,2012,79700
Bangladesh,BGD,2013,80875
Bangladesh,BGD,2014,83000
Bangladesh,BGD,2015,85000
Bangladesh,BGD,2016,83936
Bangladesh,BGD,2017,83887
Bangladesh,BGD,2018,84624
Bangladesh,BGD,2019,85075
Bangladesh,BGD,2020,85413
Bangladesh,BGD,2021,85981
Bhutan,BTN,1961,500
Bhutan,BTN,1962,500
Bhutan,BTN,1963,550
Bhutan,BTN,1964,650
Bhutan,BTN,1965,680
Bhutan,BTN,1966,680
Bhutan,BTN,1967,690
Bhutan,BTN,1968,700
Bhutan,BTN,1969,700
Bhutan,BTN,1970,720
Bhutan,BTN,1971,720
Bhutan,BTN,1972,760
Bhutan,BTN,1973,750
Bhutan,BTN,1974,750
Bhutan,BTN,1975,780
Bhutan,BTN,1976,800
Bhutan,BTN,1977,800
Bhutan,BTN,1978,820
Bhutan,BTN,1979,830
Bhutan,BTN,1980,850
Bhutan,BTN,1981,870
Bhutan,BTN,1982,870
Bhutan,BTN,1983,880
Bhutan,BTN,1984,870
Bhutan,BTN,1985,870
Bhutan,BTN,1986,860
Bhutan,BTN,1987,850
Bhutan,BTN,1988,830
Bhutan,BTN,1989,820
Bhutan,BTN,1990,800
Bhutan,BTN,1991,520
Bhutan,BTN,1992,200
Bhutan,BTN,1993,300
Bhutan,BTN,1994,350
Bhutan,BTN,1995,300
Bhutan,BTN,1996,600
Bhutan,BTN,1997,640
Bhutan,BTN,1998,540
Bhutan,BTN,1999,480
Bhutan,BTN,2000,440
Bhutan,BTN,2001,400
Bhutan,BTN,2002,360
Bhutan,BTN,2003,380
Bhutan,BTN,2004,380
Bhutan,BTN,2005,380
Bhutan,BTN,2006,1788
Bhutan,BTN,2007,1463
Bhutan,BTN,2008,1788
Bhutan,BTN,2009,1563
Bhutan,BTN,2010,2525
Bhutan,BTN,2011,1563
Bhutan,BTN,2012,9342
Bhutan,BTN,2013,1850
Bhutan,BTN,2014,1450
Bhutan,BTN,2015,1088
Bhutan,BTN,2016,1038
Bhutan,BTN,2017,1675
Bhutan,BTN,2018,2400
Bhutan,BTN,2019,1488
Bhutan,BTN,2020,1338
Bhutan,BTN,2021,2013
Brunei,BRN,1961,2700
Brunei,BRN,1962,5000
Brunei,BRN,1963,4500
Brunei,BRN,1964,4000
Brunei,BRN,1965,2600
Brunei,BRN,1966,2500
Brunei,BRN,1967,2500
Brunei,BRN,1968,3225
Brunei,BRN,1969,3600
Brunei,BRN,1970,2942
Brunei,BRN,1971,3240
Brunei,BRN,1972,3154
Brunei,BRN,1973,2949
Brunei,BRN,1974,4000
Brunei,BRN,1975,2000
Brunei,BRN,1976,2200
Brunei,BRN,1977,1774
Brunei,BRN,1978,1333
Brunei,BRN,1979,1704
Brunei,BRN,1980,1501
Brunei,BRN,1981,567
Brunei,BRN,1982,877
Brunei,BRN,1983,678
Brunei,BRN,1984,700
Brunei,BRN,1985,8500
Brunei,BRN,1986,195
Brunei,BRN,1987,245
Brunei,BRN,1988,400
Brunei,BRN,1989,2200
Brunei,BRN,1990,350
Brunei,BRN,1991,400
Brunei,BRN,1992,400
Brunei,BRN,1993,350
Brunei,BRN,1994,350
Brunei,BRN,1995,450
Brunei,BRN,1996,450
Brunei,BRN,1997,700
Brunei,BRN,1998,800
Brunei,BRN,1999,800
Brunei,BRN,2000,820
Brunei,BRN,2001,1100
Brunei,BRN,2002,3500
Brunei,BRN,2003,2500
Brunei,BRN,2004,850
Brunei,BRN,2005,920
Brunei,BRN,2006,1200
Brunei,BRN,2007,850
Brunei,BRN,2008,900
Brunei,BRN,2009,800
Brunei,BRN,2010,800
Brunei,BRN,2011,500
Brunei,BRN,2012,480
Brunei,BRN,2013,498
Brunei,BRN,2014,1286
Brunei,BRN,2015,1926
Brunei,BRN,2016,2402
Brunei,BRN,2017,2554
Brunei,BRN,2018,1935
Brunei,BRN,2019,1926
Brunei,BRN,2020,2061
Brunei,BRN,2021,3430
Bulgaria,BGR,1961,55000
Bulgaria,BGR,1962,80000
Bulgaria,BGR,1963,71000
Bulgaria,BGR,1964,58000
Bulgaria,BGR,1965,55000
Bulgaria,BGR,1966,54703
Bulgaria,BGR,1967,40021
Bulgaria,BGR,1968,39790
Bulgaria,BGR,1969,39114
Bulgaria,BGR,1970,30621
Bulgaria,BGR,1971,27836
Bulgaria,BGR,1972,29738
Bulgaria,BGR,1973,29632
Bulgaria,BGR,1974,26339
Bulgaria,BGR,1975,24692
Bulgaria,BGR,1976,27852
Bulgaria,BGR,1977,26532
Bulgaria,BGR,1978,25926
Bulgaria,BGR,1979,21969
Bulgaria,BGR,1980,22053
Bulgaria,BGR,1981,15776
Bulgaria,BGR,1982,13923
Bulgaria,BGR,1983,13177
Bulgaria,BGR,1984,10570
Bulgaria,BGR,1985,9653
Bulgaria,BGR,1986,9648
Bulgaria,BGR,1987,8262
Bulgaria,BGR,1988,8924
Bulgaria,BGR,1989,8721
Bulgaria,BGR,1990,7783
Bulgaria,BGR,1991,8493
Bulgaria,BGR,1992,13564
Bulgaria,BGR,1993,12000
Bulgaria,BGR,1994,11381
Bulgaria,BGR,1995,6500
Bulgaria,BGR,1996,5200
Bulgaria,BGR,1997,4500
Bulgaria,BGR,1998,3300
Bulgaria,BGR,1999,2800
Bulgaria,BGR,2000,2000
Bulgaria,BGR,2001,1500
Bulgaria,BGR,2002,883
Bulgaria,BGR,2003,1670
Bulgaria,BGR,2004,766
Bulgaria,BGR,2005,1800
Bulgaria,BGR,2006,1986
Bulgaria,BGR,2007,625
Bulgaria,BGR,2008,648
Bulgaria,BGR,2009,704
Bulgaria,BGR,2010,933
Bulgaria,BGR,2011,718
Bulgaria,BGR,2012,1792
Bulgaria,BGR,2013,1807
Bulgaria,BGR,2014,2172
Bulgaria,BGR,2015,842
Bulgaria,BGR,2016,1219
Bulgaria,BGR,2017,1893
Cambodia,KHM,1961,3000
Cambodia,KHM,1962,3000
Cambodia,KHM,1963,2500
Cambodia,KHM,1964,2250
Cambodia,KHM,1965,2500
Cambodia,KHM,1966,3100
Cambodia,KHM,1967,8600
Cambodia,KHM,1968,17300
Cambodia,KHM,1969,19300
Cambodia,KHM,1970,53000
Cambodia,KHM,1971,60000
Cambodia,KHM,1972,60000
Cambodia,KHM,1973,60000
Cambodia,KHM,1974,60000
Cambodia,KHM,1975,54000
Cambodia,KHM,1976,45000
Cambodia,KHM,1977,30000
Cambodia,KHM,1978,34000
Cambodia,KHM,1979,31500
Cambodia,KHM,1980,33800
Cambodia,KHM,1981,36400
Cambodia,KHM,1982,40000
Cambodia,KHM,1983,45000
Cambodia,KHM,1984,49000
Cambodia,KHM,1985,53000
Cambodia,KHM,1986,55000
Cambodia,KHM,1987,58000
Cambodia,KHM,1988,60000
Cambodia,KHM,1989,63000
Cambodia,KHM,1990,66000
Cambodia,KHM,1991,70000
Cambodia,KHM,1992,73000
Cambodia,KHM,1993,75900
Cambodia,KHM,1994,73000
Cambodia,KHM,1995,69000
Cambodia,KHM,1996,70000
Cambodia,KHM,1997,75000
Cambodia,KHM,1998,70000
Cambodia,KHM,1999,70000
Cambodia,KHM,2000,75000
Cambodia,KHM,2001,55000
Cambodia,KHM,2002,55000
Cambodia,KHM,2003,60000
Cambodia,KHM,2004,58500
Cambodia,KHM,2005,61000
Cambodia,KHM,2006,63000
Cambodia,KHM,2007,67000
Cambodia,KHM,2008,65000
Cambodia,KHM,2009,64500
Cambodia,KHM,2010,61200
Cambodia,KHM,2011,60500
Cambodia,KHM,2012,60000
Cambodia,KHM,2013,57425
Cambodia,KHM,2014,54521
Cambodia,KHM,2015,51861
Cambodia,KHM,2016,54843
Cambodia,KHM,2017,53527
Cambodia,KHM,2018,51672
Cambodia,KHM,2019,50319
Cambodia,KHM,2020,49394
Cambodia,KHM,2021,47784
Caribbean (FAO),,2018,190
Caribbean (FAO),,2019,70
Caribbean (FAO),,2020,100
Caribbean (FAO),,2021,50
Central Asia (FAO),,2019,889000
Central Asia (FAO),,2020,899000
Central Asia (FAO),,2021,909000
China,CHN,1961,210000
China,CHN,1962,230000
China,CHN,1963,307500
China,CHN,1964,345000
China,CHN,1965,387500
China,CHN,1966,420000
China,CHN,1967,437500
China,CHN,1968,437500
China,CHN,1969,442500
China,CHN,1970,442500
China,CHN,1971,500000
China,CHN,1972,537500
China,CHN,1973,630000
China,CHN,1974,625000
China,CHN,1975,650000
China,CHN,1976,660000
China,CHN,1977,650000
China,CHN,1978,650000
China,CHN,1979,742000
China,CHN,1980,750000
China,CHN,1981,762500
China,CHN,1982,782500
China,CHN,1983,925000
China,CHN,1984,1000000
China,CHN,1985,1129000
China,CHN,1986,1323000
China,CHN,1987,1440000
China,CHN,1988,1950000
China,CHN,1989,1520000
China,CHN,1990,1560000
China,CHN,1991,1800000
China,CHN,1992,1890000
China,CHN,1993,2340000
China,CHN,1994,2627000
China,CHN,1995,3000000
China,CHN,1996,2500000
China,CHN,1997,3239000
China,CHN,1998,3381000
China,CHN,1999,3660000
China,CHN,2000,3600000
China,CHN,2001,3780000
China,CHN,2002,3860000
China,CHN,2003,3030000
China,CHN,2004,3290000
China,CHN,2005,3450000
China,CHN,2006,2880000
China,CHN,2007,3070000
China,CHN,2008,3060000
China,CHN,2009,4292280
China,CHN,2010,4318290
China,CHN,2011,4200630
China,CHN,2012,4219290
China,CHN,2013,4189900
China,CHN,2014,4200410
China,CHN,2015,4211440
China,CHN,2016,4264950
China,CHN,2017,4340260
China,CHN,2018,4397480
China,CHN,2019,4480517
China,CHN,2020,4549026
China,CHN,2021,4523717
China (FAO),,1961,230070
China (FAO),,1962,258189
China (FAO),,1963,344156
China (FAO),,1964,382630
China (FAO),,1965,412181
China (FAO),,1966,446275
China (FAO),,1967,466494
China (FAO),,1968,471971
China (FAO),,1969,479930
China (FAO),,1970,481427
China (FAO),,1971,533453
China (FAO),,1972,560960
China (FAO),,1973,655341
China (FAO),,1974,645526
China (FAO),,1975,666517
China (FAO),,1976,702265
China (FAO),,1977,709015
China (FAO),,1978,689598
China (FAO),,1979,776428
China (FAO),,1980,775518
China (FAO),,1981,787455
China (FAO),,1982,809644
China (FAO),,1983,950137
China (FAO),,1984,1024541
China (FAO),,1985,1148203
China (FAO),,1986,1337937
China (FAO),,1987,1455404
China (FAO),,1988,1964054
China (FAO),,1989,1537920
China (FAO),,1990,1571707
China (FAO),,1991,1809538
China (FAO),,1992,1898831
China (FAO),,1993,2344862
China (FAO),,1994,2633297
China (FAO),,1995,3005131
China (FAO),,1996,2504500
China (FAO),,1997,3242800
China (FAO),,1998,3384400
China (FAO),,1999,3663700
China (FAO),,2000,3603100
China (FAO),,2001,3782600
China (FAO),,2002,3862200
China (FAO),,2003,3032000
China (FAO),,2004,3292000
China (FAO),,2005,3451900
China (FAO),,2006,2881700
China (FAO),,2007,3071650
China (FAO),,2008,3061750
China (FAO),,2009,4294030
China (FAO),,2010,4319991
China (FAO),,2011,4202361
China (FAO),,2012,4220990
China (FAO),,2013,4191649
China (FAO),,2014,4202167
China (FAO),,2015,4213500
China (FAO),,2016,4267024
China (FAO),,2017,4342381
China (FAO),,2018,4399598
China (FAO),,2019,4482570
China (FAO),,2020,4551321
China (FAO),,2021,4526052
Colombia,COL,2010,0
Colombia,COL,2011,8000
Colombia,COL,2012,9000
Colombia,COL,2013,10500
Colombia,COL,2014,14486
Colombia,COL,2015,19599
Colombia,COL,2016,22918
Colombia,COL,2017,26163
Colombia,COL,2018,33284
Colombia,COL,2019,29701
Colombia,COL,2020,31585
Colombia,COL,2021,36829
East Timor,TLS,1961,12140
East Timor,TLS,1962,11070
East Timor,TLS,1963,11400
East Timor,TLS,1964,12000
East Timor,TLS,1965,12300
East Timor,TLS,1966,12400
East Timor,TLS,1967,12000
East Timor,TLS,1968,12000
East Timor,TLS,1969,12000
East Timor,TLS,1970,12400
East Timor,TLS,1971,12700
East Timor,TLS,1972,13500
East Timor,TLS,1973,13400
East Timor,TLS,1974,12900
East Timor,TLS,1975,12600
East Timor,TLS,1976,8200
East Timor,TLS,1977,6800
East Timor,TLS,1978,6000
East Timor,TLS,1979,5200
East Timor,TLS,1980,4100
East Timor,TLS,1981,3700
East Timor,TLS,1982,3400
East Timor,TLS,1983,3000
East Timor,TLS,1984,2500
East Timor,TLS,1985,2400
East Timor,TLS,1986,2500
East Timor,TLS,1987,2500
East Timor,TLS,1988,3000
East Timor,TLS,1989,3100
East Timor,TLS,1990,3200
East Timor,TLS,1991,3300
East Timor,TLS,1992,3500
East Timor,TLS,1993,3800
East Timor,TLS,1994,3500
East Timor,TLS,1995,3600
East Timor,TLS,1996,4700
East Timor,TLS,1997,3220
East Timor,TLS,1998,4700
East Timor,TLS,1999,7000
East Timor,TLS,2000,5000
East Timor,TLS,2001,5385
East Timor,TLS,2002,5300
East Timor,TLS,2003,5200
East Timor,TLS,2004,5000
East Timor,TLS,2005,5100
East Timor,TLS,2006,5200
East Timor,TLS,2007,5200
East Timor,TLS,2008,5300
East Timor,TLS,2009,5400
East Timor,TLS,2010,5600
East Timor,TLS,2011,5700
East Timor,TLS,2012,6000
East Timor,TLS,2013,6300
East Timor,TLS,2014,5861
East Timor,TLS,2015,6750
East Timor,TLS,2016,6674
East Timor,TLS,2017,6635
East Timor,TLS,2018,6615
East Timor,TLS,2019,6653
East Timor,TLS,2020,6537
East Timor,TLS,2021,6537
Eastern Asia (FAO),,1961,230070
Eastern Asia (FAO),,1962,258189
Eastern Asia (FAO),,1963,344156
Eastern Asia (FAO),,1964,382630
Eastern Asia (FAO),,1965,412181
Eastern Asia (FAO),,1966,446275
Eastern Asia (FAO),,1967,466494
Eastern Asia (FAO),,1968,471971
Eastern Asia (FAO),,1969,479930
Eastern Asia (FAO),,1970,481427
Eastern Asia (FAO),,1971,533453
Eastern Asia (FAO),,1972,560960
Eastern Asia (FAO),,1973,655341
Eastern Asia (FAO),,1974,645526
Eastern Asia (FAO),,1975,666517
Eastern Asia (FAO),,1976,702265
Eastern Asia (FAO),,1977,709015
Eastern Asia (FAO),,1978,689598
Eastern Asia (FAO),,1979,776428
Eastern Asia (FAO),,1980,775518
Eastern Asia (FAO),,1981,787455
Eastern Asia (FAO),,1982,809644
Eastern Asia (FAO),,1983,950137
Eastern Asia (FAO),,1984,1024541
Eastern Asia (FAO),,1985,1148203
Eastern Asia (FAO),,1986,1337937
Eastern Asia (FAO),,1987,1455404
Eastern Asia (FAO),,1988,1964054
Eastern Asia (FAO),,1989,1537920
Eastern Asia (FAO),,1990,1571707
Eastern Asia (FAO),,1991,1809538
Eastern Asia (FAO),,1992,1898831
Eastern Asia (FAO),,1993,2344862
Eastern Asia (FAO),,1994,2633297
Eastern Asia (FAO),,1995,3005131
Eastern Asia (FAO),,1996,2504500
Eastern Asia (FAO),,1997,3242800
Eastern Asia (FAO),,1998,3384400
Eastern Asia (FAO),,1999,3663700
Eastern Asia (FAO),,2000,3603100
Eastern Asia (FAO),,2001,3782600
Eastern Asia (FAO),,2002,3862200
Eastern Asia (FAO),,2003,3032000
Eastern Asia (FAO),,2004,3292000
Eastern Asia (FAO),,2005,3451900
Eastern Asia (FAO),,2006,2881700
Eastern Asia (FAO),,2007,3071650
Eastern Asia (FAO),,2008,3061750
Eastern Asia (FAO),,2009,4294030
Eastern Asia (FAO),,2010,4319991
Eastern Asia (FAO),,2011,4202361
Eastern Asia (FAO),,2012,4220990
Eastern Asia (FAO),,2013,4191649
Eastern Asia (FAO),,2014,4202167
Eastern Asia (FAO),,2015,4213500
Eastern Asia (FAO),,2016,4267024
Eastern Asia (FAO),,2017,4342381
Eastern Asia (FAO),,2018,4399598
Eastern Asia (FAO),,2019,4482570
Eastern Asia (FAO),,2020,4551321
Eastern Asia (FAO),,2021,4526052
Eastern Europe (FAO),,1961,55000
Eastern Europe (FAO),,1962,80000
Eastern Europe (FAO),,1963,71000
Eastern Europe (FAO),,1964,58000
Eastern Europe (FAO),,1965,55000
Eastern Europe (FAO),,1966,54703
Eastern Europe (FAO),,1967,40021
Eastern Europe (FAO),,1968,39790
Eastern Europe (FAO),,1969,39114
Eastern Europe (FAO),,1970,30621
Eastern Europe (FAO),,1971,27836
Eastern Europe (FAO),,1972,29738
Eastern Europe (FAO),,1973,29632
Eastern Europe (FAO),,1974,26339
Eastern Europe (FAO),,1975,24692
Eastern Europe (FAO),,1976,27852
Eastern Europe (FAO),,1977,26532
Eastern Europe (FAO),,1978,25926
Eastern Europe (FAO),,1979,21969
Eastern Europe (FAO),,1980,22053
Eastern Europe (FAO),,1981,15776
Eastern Europe (FAO),,1982,13923
Eastern Europe (FAO),,1983,13177
Eastern Europe (FAO),,1984,10570
Eastern Europe (FAO),,1985,9653
Eastern Europe (FAO),,1986,9648
Eastern Europe (FAO),,1987,8262
Eastern Europe (FAO),,1988,8924
Eastern Europe (FAO),,1989,8721
Eastern Europe (FAO),,1990,7783
Eastern Europe (FAO),,1991,8493
Eastern Europe (FAO),,1992,13564
Eastern Europe (FAO),,1993,12000
Eastern Europe (FAO),,1994,11381
Eastern Europe (FAO),,1995,6500
Eastern Europe (FAO),,1996,5200
Eastern Europe (FAO),,1997,4500
Eastern Europe (FAO),,1998,3300
Eastern Europe (FAO),,1999,2800
Eastern Europe (FAO),,2000,2000
Eastern Europe (FAO),,2001,1500
Eastern Europe (FAO),,2002,883
Eastern Europe (FAO),,2003,1670
Eastern Europe (FAO),,2004,766
Eastern Europe (FAO),,2005,1800
Eastern Europe (FAO),,2006,1986
Eastern Europe (FAO),,2007,625
Eastern Europe (FAO),,2008,648
Eastern Europe (FAO),,2009,704
Eastern Europe (FAO),,2010,933
Eastern Europe (FAO),,2011,718
Eastern Europe (FAO),,2012,1792
Eastern Europe (FAO),,2013,1807
Eastern Europe (FAO),,2014,2172
Eastern Europe (FAO),,2015,842
Eastern Europe (FAO),,2016,1219
Eastern Europe (FAO),,2017,1893
Egypt,EGY,1961,496000
Egypt,EGY,1962,504000
Egypt,EGY,1963,511000
Egypt,EGY,1964,519000
Egypt,EGY,1965,527000
Egypt,EGY,1966,535000
Egypt,EGY,1967,542000
Egypt,EGY,1968,648000
Egypt,EGY,1969,700000
Egypt,EGY,1970,695000
Egypt,EGY,1971,731000
Egypt,EGY,1972,751000
Egypt,EGY,1973,771000
Egypt,EGY,1974,790000
Egypt,EGY,1975,809000
Egypt,EGY,1976,828000
Egypt,EGY,1977,847000
Egypt,EGY,1978,890143
Egypt,EGY,1979,919661
Egypt,EGY,1980,934078
Egypt,EGY,1981,956109
Egypt,EGY,1982,960000
Egypt,EGY,1983,970000
Egypt,EGY,1984,1100000
Egypt,EGY,1985,1010000
Egypt,EGY,1986,1020000
Egypt,EGY,1987,1025000
Egypt,EGY,1988,1035000
Egypt,EGY,1989,1070000
Egypt,EGY,1990,1215000
Egypt,EGY,1991,1103000
Egypt,EGY,1992,1125000
Egypt,EGY,1993,1147000
Egypt,EGY,1994,1280000
Egypt,EGY,1995,1375000
Egypt,EGY,1996,1370000
Egypt,EGY,1997,1450000
Egypt,EGY,1998,1520000
Egypt,EGY,1999,1580000
Egypt,EGY,2000,1640000
Egypt,EGY,2001,1073468
Egypt,EGY,2002,1156965
Egypt,EGY,2003,1048000
Egypt,EGY,2004,1068000
Egypt,EGY,2005,1115000
Egypt,EGY,2006,1132000
Egypt,EGY,2007,1167000
Egypt,EGY,2008,1182000
Egypt,EGY,2009,1228000
Egypt,EGY,2010,1262000
Egypt,EGY,2011,1271000
Egypt,EGY,2012,1205000
Egypt,EGY,2013,1170000
Egypt,EGY,2014,1149000
Egypt,EGY,2015,1179000
Egypt,EGY,2016,1089000
Egypt,EGY,2017,1077000
Egypt,EGY,2018,1096000
Egypt,EGY,2019,659000
Egypt,EGY,2020,556000
Egypt,EGY,2021,504634
Europe,,1961,80633
Europe,,1962,109400
Europe,,1963,99051
Europe,,1964,85610
Europe,,1965,77460
Europe,,1966,76628
Europe,,1967,59077
Europe,,1968,59535
Europe,,1969,55474
Europe,,1970,45990
Europe,,1971,41114
Europe,,1972,41023
Europe,,1973,40553
Europe,,1974,40541
Europe,,1975,36957
Europe,,1976,37887
Europe,,1977,36652
Europe,,1978,33369
Europe,,1979,30297
Europe,,1980,29882
Europe,,1981,25516
Europe,,1982,18853
Europe,,1983,17432
Europe,,1984,14752
Europe,,1985,14741
Europe,,1986,13604
Europe,,1987,12612
Europe,,1988,12809
Europe,,1989,11851
Europe,,1990,10628
Europe,,1991,11322
Europe,,1992,16404
Europe,,1993,15008
Europe,,1994,13881
Europe,,1995,9845
Europe,,1996,11800
Europe,,1997,12467
Europe,,1998,11018
Europe,,1999,8467
Europe,,2000,9802
Europe,,2001,6883
Europe,,2002,9460
Europe,,2003,7958
Europe,,2004,14051
Europe,,2005,30199
Europe,,2006,7072
Europe,,2007,19747
Europe,,2008,11771
Europe,,2009,28230
Europe,,2010,33216
Europe,,2011,58010
Europe,,2012,121207
Europe,,2013,60244
Europe,,2014,80812
Europe,,2015,87544
Europe,,2016,99811
Europe,,2017,94667
Europe,,2018,111456
Europe,,2019,106815
Europe,,2020,103566
Europe,,2021,107949
Europe (FAO),,1961,80633
Europe (FAO),,1962,109400
Europe (FAO),,1963,99051
Europe (FAO),,1964,85610
Europe (FAO),,1965,77460
Europe (FAO),,1966,76628
Europe (FAO),,1967,59077
Europe (FAO),,1968,59535
Europe (FAO),,1969,55474
Europe (FAO),,1970,45990
Europe (FAO),,1971,41114
Europe (FAO),,1972,41023
Europe (FAO),,1973,40553
Europe (FAO),,1974,40541
Europe (FAO),,1975,36957
Europe (FAO),,1976,37887
Europe (FAO),,1977,36652
Europe (FAO),,1978,33369
Europe (FAO),,1979,30297
Europe (FAO),,1980,29882
Europe (FAO),,1981,25516
Europe (FAO),,1982,18853
Europe (FAO),,1983,17432
Europe (FAO),,1984,14752
Europe (FAO),,1985,14741
Europe (FAO),,1986,13604
Europe (FAO),,1987,12612
Europe (FAO),,1988,12809
Europe (FAO),,1989,11851
Europe (FAO),,1990,10628
Europe (FAO),,1991,11322
Europe (FAO),,1992,16404
Europe (FAO),,1993,15008
Europe (FAO),,1994,13881
Europe (FAO),,1995,9845
Europe (FAO),,1996,11800
Europe (FAO),,1997,12467
Europe (FAO),,1998,11018
Europe (FAO),,1999,8467
Europe (FAO),,2000,9802
Europe (FAO),,2001,6883
Europe (FAO),,2002,9460
Europe (FAO),,2003,7958
Europe (FAO),,2004,14051
Europe (FAO),,2005,30199
Europe (FAO),,2006,7072
Europe (FAO),,2007,19747
Europe (FAO),,2008,11771
Europe (FAO),,2009,28230
Europe (FAO),,2010,33216
Europe (FAO),,2011,58010
Europe (FAO),,2012,121207
Europe (FAO),,2013,60244
Europe (FAO),,2014,80812
Europe (FAO),,2015,87544
Europe (FAO),,2016,99811
Europe (FAO),,2017,94667
Europe (FAO),,2018,111456
Europe (FAO),,2019,106815
Europe (FAO),,2020,107066
Europe (FAO),,2021,110949
European Union (27),,1961,80633
European Union (27),,1962,109400
European Union (27),,1963,99051
European Union (27),,1964,85610
European Union (27),,1965,77460
European Union (27),,1966,76628
European Union (27),,1967,59077
European Union (27),,1968,59535
European Union (27),,1969,55474
European Union (27),,1970,45990
European Union (27),,1971,41114
European Union (27),,1972,41023
European Union (27),,1973,40553
European Union (27),,1974,40541
European Union (27),,1975,36957
European Union (27),,1976,37887
European Union (27),,1977,36652
European Union (27),,1978,33369
European Union (27),,1979,30297
European Union (27),,1980,29882
European Union (27),,1981,25516
European Union (27),,1982,18853
European Union (27),,1983,17432
European Union (27),,1984,14752
European Union (27),,1985,14741
European Union (27),,1986,13604
European Union (27),,1987,12612
European Union (27),,1988,12809
European Union (27),,1989,11851
European Union (27),,1990,10628
European Union (27),,1991,11322
European Union (27),,1992,16404
European Union (27),,1993,15008
European Union (27),,1994,13881
European Union (27),,1995,9845
European Union (27),,1996,11800
European Union (27),,1997,12467
European Union (27),,1998,11018
European Union (27),,1999,8467
European Union (27),,2000,9802
European Union (27),,2001,6883
European Union (27),,2002,9460
European Union (27),,2003,7958
European Union (27),,2004,14051
European Union (27),,2005,30199
European Union (27),,2006,7072
European Union (27),,2007,19747
European Union (27),,2008,11771
European Union (27),,2009,28230
European Union (27),,2010,33216
European Union (27),,2011,58010
European Union (27),,2012,121207
European Union (27),,2013,60244
European Union (27),,2014,80812
European Union (27),,2015,87544
European Union (27),,2016,99811
European Union (27),,2017,94667
European Union (27),,2018,111456
European Union (27),,2019,106815
European Union (27),,2020,103566
European Union (27),,2021,107949
European Union (27) (FAO),,1961,80633
European Union (27) (FAO),,1962,109400
European Union (27) (FAO),,1963,99051
European Union (27) (FAO),,1964,85610
European Union (27) (FAO),,1965,77460
European Union (27) (FAO),,1966,76628
European Union (27) (FAO),,1967,59077
European Union (27) (FAO),,1968,59535
European Union (27) (FAO),,1969,55474
European Union (27) (FAO),,1970,45990
European Union (27) (FAO),,1971,41114
European Union (27) (FAO),,1972,41023
European Union (27) (FAO),,1973,40553
European Union (27) (FAO),,1974,40541
European Union (27) (FAO),,1975,36957
European Union (27) (FAO),,1976,37887
European Union (27) (FAO),,1977,36652
European Union (27) (FAO),,1978,33369
European Union (27) (FAO),,1979,30297
European Union (27) (FAO),,1980,29882
European Union (27) (FAO),,1981,25516
European Union (27) (FAO),,1982,18853
European Union (27) (FAO),,1983,17432
European Union (27) (FAO),,1984,14752
European Union (27) (FAO),,1985,14741
European Union (27) (FAO),,1986,13604
European Union (27) (FAO),,1987,12612
European Union (27) (FAO),,1988,12809
European Union (27) (FAO),,1989,11851
European Union (27) (FAO),,1990,10628
European Union (27) (FAO),,1991,11322
European Union (27) (FAO),,1992,16404
European Union (27) (FAO),,1993,15008
European Union (27) (FAO),,1994,13881
European Union (27) (FAO),,1995,9845
European Union (27) (FAO),,1996,11800
European Union (27) (FAO),,1997,12467
European Union (27) (FAO),,1998,11018
European Union (27) (FAO),,1999,8467
European Union (27) (FAO),,2000,9802
European Union (27) (FAO),,2001,6883
European Union (27) (FAO),,2002,9460
European Union (27) (FAO),,2003,7958
European Union (27) (FAO),,2004,14051
European Union (27) (FAO),,2005,30199
European Union (27) (FAO),,2006,7072
European Union (27) (FAO),,2007,19747
European Union (27) (FAO),,2008,11771
European Union (27) (FAO),,2009,28230
European Union (27) (FAO),,2010,33216
European Union (27) (FAO),,2011,58010
European Union (27) (FAO),,2012,121207
European Union (27) (FAO),,2013,60244
European Union (27) (FAO),,2014,80812
European Union (27) (FAO),,2015,87544
European Union (27) (FAO),,2016,99811
European Union (27) (FAO),,2017,94667
European Union (27) (FAO),,2018,111456
European Union (27) (FAO),,2019,106815
European Union (27) (FAO),,2020,107066
European Union (27) (FAO),,2021,110949
Germany,DEU,1991,0
Germany,DEU,1992,0
Germany,DEU,1993,0
Germany,DEU,1994,0
Germany,DEU,1995,0
Germany,DEU,1996,0
Germany,DEU,1997,0
Germany,DEU,1998,0
Germany,DEU,1999,0
Germany,DEU,2000,0
Germany,DEU,2001,0
Germany,DEU,2002,0
Germany,DEU,2003,0
Germany,DEU,2004,0
Germany,DEU,2005,0
Germany,DEU,2006,0
Germany,DEU,2007,0
Germany,DEU,2008,0
Germany,DEU,2009,0
Germany,DEU,2010,0
Germany,DEU,2011,0
Germany,DEU,2012,0
Germany,DEU,2013,0
Germany,DEU,2014,0
Germany,DEU,2015,0
Germany,DEU,2016,0
Germany,DEU,2017,0
Germany,DEU,2018,0
Germany,DEU,2019,0
Germany,DEU,2020,0
Germany,DEU,2021,0
Greece,GRC,1961,24233
Greece,GRC,1962,27000
Greece,GRC,1963,25251
Greece,GRC,1964,24610
Greece,GRC,1965,19160
Greece,GRC,1966,18625
Greece,GRC,1967,15756
Greece,GRC,1968,16245
Greece,GRC,1969,12860
Greece,GRC,1970,11669
Greece,GRC,1971,9078
Greece,GRC,1972,6785
Greece,GRC,1973,5721
Greece,GRC,1974,6953
Greece,GRC,1975,3855
Greece,GRC,1976,3455
Greece,GRC,1977,3150
Greece,GRC,1978,1698
Greece,GRC,1979,1093
Greece,GRC,1980,914
Greece,GRC,1981,565
Greece,GRC,1982,670
Greece,GRC,1983,400
Greece,GRC,1984,512
Greece,GRC,1985,693
Greece,GRC,1991,299
Greece,GRC,1992,360
Greece,GRC,1993,322
Greece,GRC,1994,298
Greece,GRC,1995,345
Greece,GRC,1996,296
Greece,GRC,1997,250
Greece,GRC,1998,288
Greece,GRC,1999,321
Greece,GRC,2000,356
Greece,GRC,2001,383
Greece,GRC,2002,446
Greece,GRC,2003,373
Greece,GRC,2004,405
Greece,GRC,2005,443
Greece,GRC,2006,464
Greece,GRC,2007,524
Greece,GRC,2008,607
Greece,GRC,2009,731
Greece,GRC,2010,629
Greece,GRC,2011,695
Greece,GRC,2012,762
Greece,GRC,2013,867
Greece,GRC,2014,652
Greece,GRC,2015,4187
Greece,GRC,2016,3732
Greece,GRC,2017,3076
Greece,GRC,2018,2145
Greece,GRC,2019,2039
High-income countries,,1961,50882
High-income countries,,1962,64515
High-income countries,,1963,72060
High-income countries,,1964,74679
High-income countries,,1965,57496
High-income countries,,1966,56300
High-income countries,,1967,55420
High-income countries,,1968,60941
High-income countries,,1969,60791
High-income countries,,1970,61111
High-income countries,,1971,55194
High-income countries,,1972,41651
High-income countries,,1973,39730
High-income countries,,1974,38816
High-income countries,,1975,31004
High-income countries,,1976,54700
High-income countries,,1977,70987
High-income countries,,1978,48499
High-income countries,,1979,44648
High-income countries,,1980,35033
High-income countries,,1981,35432
High-income countries,,1982,33062
High-income countries,,1983,30208
High-income countries,,1984,29560
High-income countries,,1985,32868
High-income countries,,1986,19095
High-income countries,,1987,20005
High-income countries,,1988,18342
High-income countries,,1989,23253
High-income countries,,1990,14902
High-income countries,,1991,12767
High-income countries,,1992,12071
High-income countries,,1993,8220
High-income countries,,1994,9147
High-income countries,,1995,8926
High-income countries,,1996,11550
High-income countries,,1997,12467
High-income countries,,1998,11918
High-income countries,,1999,10167
High-income countries,,2000,11722
High-income countries,,2001,9083
High-income countries,,2002,14277
High-income countries,,2003,10788
High-income countries,,2004,16135
High-income countries,,2005,31219
High-income countries,,2006,7986
High-income countries,,2007,21622
High-income countries,,2008,13773
High-income countries,,2009,30076
High-income countries,,2010,34784
High-income countries,,2011,59523
High-income countries,,2012,121595
High-income countries,,2013,60684
High-income countries,,2014,81683
High-income countries,,2015,90688
High-income countries,,2016,103068
High-income countries,,2017,97449
High-income countries,,2018,115699
High-income countries,,2019,110863
High-income countries,,2020,108021
High-income countries,,2021,113764
India,IND,1961,3994000
India,IND,1962,4070000
India,IND,1963,4057000
India,IND,1964,4220000
India,IND,1965,4300000
India,IND,1966,4390000
India,IND,1967,4500000
India,IND,1968,4642000
India,IND,1969,4706000
India,IND,1970,4826000
India,IND,1971,4948000
India,IND,1972,5000000
India,IND,1973,5100000
India,IND,1974,5240000
India,IND,1975,5330000
India,IND,1976,5430000
India,IND,1977,5580000
India,IND,1978,5700000
India,IND,1979,5820000
India,IND,1980,5946000
India,IND,1981,6140000
India,IND,1982,6840000
India,IND,1983,6771000
India,IND,1984,6856000
India,IND,1985,7300000
India,IND,1986,7480000
India,IND,1987,7370000
India,IND,1988,7515000
India,IND,1989,7663000
India,IND,1990,7815000
India,IND,1991,7969000
India,IND,1992,8168000
India,IND,1993,8276000
India,IND,1994,8385000
India,IND,1995,8496000
India,IND,1996,8610000
India,IND,1997,8722000
India,IND,1998,8846000
India,IND,1999,8973000
India,IND,2000,9100000
India,IND,2001,9231000
India,IND,2002,9363000
India,IND,2003,9500000
India,IND,2004,9674000
India,IND,2005,9852000
India,IND,2006,10030000
India,IND,2007,10220000
India,IND,2008,10406000
India,IND,2009,10599000
India,IND,2010,11200000
India,IND,2011,11300000
India,IND,2012,11400000
India,IND,2013,11500000
India,IND,2014,11600000
India,IND,2015,11440777
India,IND,2016,11433750
India,IND,2017,11337190
India,IND,2018,11926270
India,IND,2019,11695507
India,IND,2020,11523862
India,IND,2021,11769252
Indonesia,IDN,1961,252076
Indonesia,IDN,1962,222000
Indonesia,IDN,1963,205000
Indonesia,IDN,1964,247000
Indonesia,IDN,1965,249000
Indonesia,IDN,1966,210000
Indonesia,IDN,1967,200000
Indonesia,IDN,1968,230000
Indonesia,IDN,1969,182364
Indonesia,IDN,1970,192318
Indonesia,IDN,1971,175249
Indonesia,IDN,1972,193218
Indonesia,IDN,1973,186671
Indonesia,IDN,1974,192484
Indonesia,IDN,1975,183642
Indonesia,IDN,1976,196477
Indonesia,IDN,1977,226472
Indonesia,IDN,1978,210264
Indonesia,IDN,1979,212032
Indonesia,IDN,1980,193599
Indonesia,IDN,1981,200412
Indonesia,IDN,1982,200138
Indonesia,IDN,1983,209216
Indonesia,IDN,1984,207741
Indonesia,IDN,1985,209741
Indonesia,IDN,1986,224552
Indonesia,IDN,1987,198741
Indonesia,IDN,1988,189587
Indonesia,IDN,1989,195956
Indonesia,IDN,1990,201305
Indonesia,IDN,1991,216064
Indonesia,IDN,1992,204550
Indonesia,IDN,1993,232880
Indonesia,IDN,1994,211282
Indonesia,IDN,1995,218486
Indonesia,IDN,1996,244256
Indonesia,IDN,1997,225703
Indonesia,IDN,1998,223040
Indonesia,IDN,1999,235199
Indonesia,IDN,2000,224000
Indonesia,IDN,2001,213000
Indonesia,IDN,2002,207000
Indonesia,IDN,2003,199000
Indonesia,IDN,2004,182346
Indonesia,IDN,2005,176881
Indonesia,IDN,2006,215000
Indonesia,IDN,2007,204000
Indonesia,IDN,2008,186000
Indonesia,IDN,2009,164000
Indonesia,IDN,2010,167000
Indonesia,IDN,2011,164000
Indonesia,IDN,2012,153094
Indonesia,IDN,2013,106901
Indonesia,IDN,2014,123545
Indonesia,IDN,2015,143064
Indonesia,IDN,2016,126724
Indonesia,IDN,2017,126019
Indonesia,IDN,2018,89028
Indonesia,IDN,2019,115773
Indonesia,IDN,2020,71126
Indonesia,IDN,2021,80517
Iran,IRN,1961,49000
Iran,IRN,1962,52000
Iran,IRN,1963,46000
Iran,IRN,1964,50000
Iran,IRN,1965,50000
Iran,IRN,1966,50000
Iran,IRN,1967,51000
Iran,IRN,1968,52000
Iran,IRN,1969,48000
Iran,IRN,1970,44000
Iran,IRN,1971,44000
Iran,IRN,1972,48000
Iran,IRN,1973,44000
Iran,IRN,1974,47000
Iran,IRN,1975,50000
Iran,IRN,1976,48000
Iran,IRN,1977,45000
Iran,IRN,1978,44000
Iran,IRN,1979,44000
Iran,IRN,1980,48000
Iran,IRN,1981,53000
Iran,IRN,1982,56000
Iran,IRN,1983,57000
Iran,IRN,1984,58000
Iran,IRN,1985,60000
Iran,IRN,1986,61000
Iran,IRN,1987,62000
Iran,IRN,1988,64000
Iran,IRN,1989,64000
Iran,IRN,1990,66000
Iran,IRN,1991,55000
Iran,IRN,1992,56000
Iran,IRN,1993,57000
Iran,IRN,1994,58000
Iran,IRN,1995,62000
Iran,IRN,1996,65000
Iran,IRN,1997,56000
Iran,IRN,1998,52400
Iran,IRN,1999,51800
Iran,IRN,2000,50900
Iran,IRN,2001,50000
Iran,IRN,2002,39000
Iran,IRN,2003,39000
Iran,IRN,2004,46000
Iran,IRN,2005,54000
Iran,IRN,2006,46000
Iran,IRN,2007,69977
Iran,IRN,2008,46822
Iran,IRN,2009,38082
Iran,IRN,2010,41429
Iran,IRN,2011,42058
Iran,IRN,2012,42409
Iran,IRN,2013,20000
Iran,IRN,2014,27817
Iran,IRN,2015,28687
Iran,IRN,2016,24307
Iran,IRN,2017,21975
Iran,IRN,2018,19925
Iran,IRN,2019,13758
Iran,IRN,2020,23859
Iran,IRN,2021,33599
Iraq,IRQ,1961,30000
Iraq,IRQ,1962,30000
Iraq,IRQ,1963,30000
Iraq,IRQ,1964,28000
Iraq,IRQ,1965,26000
Iraq,IRQ,1966,25000
Iraq,IRQ,1967,25000
Iraq,IRQ,1968,25000
Iraq,IRQ,1969,26000
Iraq,IRQ,1970,28000
Iraq,IRQ,1971,26000
Iraq,IRQ,1972,27000
Iraq,IRQ,1973,25000
Iraq,IRQ,1974,24000
Iraq,IRQ,1975,23869
Iraq,IRQ,1976,26198
Iraq,IRQ,1977,23500
Iraq,IRQ,1978,22000
Iraq,IRQ,1979,20500
Iraq,IRQ,1980,20200
Iraq,IRQ,1981,21500
Iraq,IRQ,1982,21000
Iraq,IRQ,1983,21500
Iraq,IRQ,1984,20500
Iraq,IRQ,1985,18000
Iraq,IRQ,1986,16500
Iraq,IRQ,1987,16800
Iraq,IRQ,1988,16900
Iraq,IRQ,1989,17400
Iraq,IRQ,1990,41000
Iraq,IRQ,1991,24000
Iraq,IRQ,1992,21000
Iraq,IRQ,1993,30000
Iraq,IRQ,1994,25000
Iraq,IRQ,1995,21000
Iraq,IRQ,1996,10960
Iraq,IRQ,1997,11000
Iraq,IRQ,1998,12000
Iraq,IRQ,1999,12000
Iraq,IRQ,2000,12500
Iraq,IRQ,2001,10000
Iraq,IRQ,2002,8000
Iraq,IRQ,2003,5074
Iraq,IRQ,2004,7989
Iraq,IRQ,2005,13125
Iraq,IRQ,2006,26250
Iraq,IRQ,2007,20735
Iraq,IRQ,2008,42650
Iraq,IRQ,2009,35545
Iraq,IRQ,2010,40000
Iraq,IRQ,2011,38342
Iraq,IRQ,2012,43700
Iraq,IRQ,2013,22617
Iraq,IRQ,2014,23301
Iraq,IRQ,2015,27200
Iraq,IRQ,2016,23941
Iraq,IRQ,2017,27118
Iraq,IRQ,2018,26559
Iraq,IRQ,2019,27470
Iraq,IRQ,2020,28412
Iraq,IRQ,2021,29386
Italy,ITA,1961,1400
Italy,ITA,1962,2400
Italy,ITA,1963,2800
Italy,ITA,1964,3000
Italy,ITA,1965,3300
Italy,ITA,1966,3300
Italy,ITA,1967,3300
Italy,ITA,1968,3500
Italy,ITA,1969,3500
Italy,ITA,1970,3700
Italy,ITA,1971,4200
Italy,ITA,1972,4500
Italy,ITA,1973,5200
Italy,ITA,1974,7249
Italy,ITA,1975,8410
Italy,ITA,1976,6580
Italy,ITA,1977,6970
Italy,ITA,1978,5745
Italy,ITA,1979,7235
Italy,ITA,1980,6915
Italy,ITA,1981,9175
Italy,ITA,1982,4260
Italy,ITA,1983,3855
Italy,ITA,1984,3670
Italy,ITA,1985,4395
Italy,ITA,1986,3956
Italy,ITA,1987,4350
Italy,ITA,1988,3885
Italy,ITA,1989,3130
Italy,ITA,1990,2845
Italy,ITA,1991,2530
Italy,ITA,1992,2480
Italy,ITA,1993,2686
Italy,ITA,1994,2202
Italy,ITA,1995,3000
Italy,ITA,1996,6304
Italy,ITA,1997,7717
Italy,ITA,1998,7430
Italy,ITA,1999,5346
Italy,ITA,2000,7446
Italy,ITA,2001,5000
Italy,ITA,2002,8131
Italy,ITA,2003,5915
Italy,ITA,2004,12880
Italy,ITA,2005,27956
Italy,ITA,2006,4622
Italy,ITA,2007,18598
Italy,ITA,2008,10516
Italy,ITA,2009,26795
Italy,ITA,2010,31654
Italy,ITA,2011,56597
Italy,ITA,2012,118653
Italy,ITA,2013,57570
Italy,ITA,2014,77988
Italy,ITA,2015,82515
Italy,ITA,2016,94860
Italy,ITA,2017,89698
Italy,ITA,2018,109311
Italy,ITA,2019,104776
Italy,ITA,2020,103566
Italy,ITA,2021,107949
Land Locked Developing Countries (FAO),,1961,157500
Land Locked Developing Countries (FAO),,1962,158500
Land Locked Developing Countries (FAO),,1963,175550
Land Locked Developing Countries (FAO),,1964,176650
Land Locked Developing Countries (FAO),,1965,180680
Land Locked Developing Countries (FAO),,1966,175680
Land Locked Developing Countries (FAO),,1967,191690
Land Locked Developing Countries (FAO),,1968,185700
Land Locked Developing Countries (FAO),,1969,188700
Land Locked Developing Countries (FAO),,1970,197720
Land Locked Developing Countries (FAO),,1971,214720
Land Locked Developing Countries (FAO),,1972,236760
Land Locked Developing Countries (FAO),,1973,242750
Land Locked Developing Countries (FAO),,1974,260750
Land Locked Developing Countries (FAO),,1975,287780
Land Locked Developing Countries (FAO),,1976,315800
Land Locked Developing Countries (FAO),,1977,337800
Land Locked Developing Countries (FAO),,1978,365820
Land Locked Developing Countries (FAO),,1979,385830
Land Locked Developing Countries (FAO),,1980,440850
Land Locked Developing Countries (FAO),,1981,475870
Land Locked Developing Countries (FAO),,1982,427870
Land Locked Developing Countries (FAO),,1983,464880
Land Locked Developing Countries (FAO),,1984,492870
Land Locked Developing Countries (FAO),,1985,514870
Land Locked Developing Countries (FAO),,1986,529860
Land Locked Developing Countries (FAO),,1987,534487
Land Locked Developing Countries (FAO),,1988,518576
Land Locked Developing Countries (FAO),,1989,526240
Land Locked Developing Countries (FAO),,1990,527685
Land Locked Developing Countries (FAO),,1991,544520
Land Locked Developing Countries (FAO),,1992,550200
Land Locked Developing Countries (FAO),,1993,591531
Land Locked Developing Countries (FAO),,1994,595950
Land Locked Developing Countries (FAO),,1995,628800
Land Locked Developing Countries (FAO),,1996,643600
Land Locked Developing Countries (FAO),,1997,716040
Land Locked Developing Countries (FAO),,1998,723840
Land Locked Developing Countries (FAO),,1999,731780
Land Locked Developing Countries (FAO),,2000,736340
Land Locked Developing Countries (FAO),,2001,740900
Land Locked Developing Countries (FAO),,2002,748060
Land Locked Developing Countries (FAO),,2003,769780
Land Locked Developing Countries (FAO),,2004,784880
Land Locked Developing Countries (FAO),,2005,805780
Land Locked Developing Countries (FAO),,2006,823988
Land Locked Developing Countries (FAO),,2007,847463
Land Locked Developing Countries (FAO),,2008,864788
Land Locked Developing Countries (FAO),,2009,889163
Land Locked Developing Countries (FAO),,2010,916525
Land Locked Developing Countries (FAO),,2011,942563
Land Locked Developing Countries (FAO),,2012,970042
Land Locked Developing Countries (FAO),,2013,974850
Land Locked Developing Countries (FAO),,2014,973582
Land Locked Developing Countries (FAO),,2015,979850
Land Locked Developing Countries (FAO),,2016,942569
Land Locked Developing Countries (FAO),,2017,890615
Land Locked Developing Countries (FAO),,2018,895236
Land Locked Developing Countries (FAO),,2019,1783643
Land Locked Developing Countries (FAO),,2020,1784275
Land Locked Developing Countries (FAO),,2021,1781298
Laos,LAO,1961,37000
Laos,LAO,1962,38000
Laos,LAO,1963,38000
Laos,LAO,1964,39000
Laos,LAO,1965,39000
Laos,LAO,1966,40000
Laos,LAO,1967,50000
Laos,LAO,1968,41000
Laos,LAO,1969,42000
Laos,LAO,1970,44000
Laos,LAO,1971,45000
Laos,LAO,1972,46000
Laos,LAO,1973,42000
Laos,LAO,1974,40000
Laos,LAO,1975,37000
Laos,LAO,1976,45000
Laos,LAO,1977,37000
Laos,LAO,1978,45000
Laos,LAO,1979,55000
Laos,LAO,1980,65000
Laos,LAO,1981,69000
Laos,LAO,1982,70000
Laos,LAO,1983,73000
Laos,LAO,1984,80000
Laos,LAO,1985,88000
Laos,LAO,1986,95000
Laos,LAO,1987,96000
Laos,LAO,1988,75000
Laos,LAO,1989,75000
Laos,LAO,1990,75000
Laos,LAO,1991,90000
Laos,LAO,1992,93000
Laos,LAO,1993,95300
Laos,LAO,1994,95600
Laos,LAO,1995,128500
Laos,LAO,1996,143000
Laos,LAO,1997,145400
Laos,LAO,1998,148300
Laos,LAO,1999,151300
Laos,LAO,2000,150900
Laos,LAO,2001,154500
Laos,LAO,2002,157700
Laos,LAO,2003,166400
Laos,LAO,2004,168500
Laos,LAO,2005,164400
Laos,LAO,2006,166200
Laos,LAO,2007,168000
Laos,LAO,2008,173000
Laos,LAO,2009,175000
Laos,LAO,2010,177000
Laos,LAO,2011,178000
Laos,LAO,2012,177000
Laos,LAO,2013,177000
Laos,LAO,2014,172132
Laos,LAO,2015,176569
Laos,LAO,2016,179325
Laos,LAO,2017,181801
Laos,LAO,2018,185452
Laos,LAO,2019,190844
Laos,LAO,2020,194737
Laos,LAO,2021,198343
Least Developed Countries (FAO),,1961,250140
Least Developed Countries (FAO),,1962,250570
Least Developed Countries (FAO),,1963,272450
Least Developed Countries (FAO),,1964,284400
Least Developed Countries (FAO),,1965,288480
Least Developed Countries (FAO),,1966,286680
Least Developed Countries (FAO),,1967,313790
Least Developed Countries (FAO),,1968,327000
Least Developed Countries (FAO),,1969,335000
Least Developed Countries (FAO),,1970,381620
Least Developed Countries (FAO),,1971,402420
Least Developed Countries (FAO),,1972,421260
Least Developed Countries (FAO),,1973,421650
Least Developed Countries (FAO),,1974,440150
Least Developed Countries (FAO),,1975,462380
Least Developed Countries (FAO),,1976,477000
Least Developed Countries (FAO),,1977,484600
Least Developed Countries (FAO),,1978,516020
Least Developed Countries (FAO),,1979,540230
Least Developed Countries (FAO),,1980,597750
Least Developed Countries (FAO),,1981,638470
Least Developed Countries (FAO),,1982,596270
Least Developed Countries (FAO),,1983,639380
Least Developed Countries (FAO),,1984,677280
Least Developed Countries (FAO),,1985,707270
Least Developed Countries (FAO),,1986,727360
Least Developed Countries (FAO),,1987,737487
Least Developed Countries (FAO),,1988,729076
Least Developed Countries (FAO),,1989,729340
Least Developed Countries (FAO),,1990,738885
Least Developed Countries (FAO),,1991,758099
Least Developed Countries (FAO),,1992,768886
Least Developed Countries (FAO),,1993,815450
Least Developed Countries (FAO),,1994,818040
Least Developed Countries (FAO),,1995,850862
Least Developed Countries (FAO),,1996,870291
Least Developed Countries (FAO),,1997,947496
Least Developed Countries (FAO),,1998,955539
Least Developed Countries (FAO),,1999,973719
Least Developed Countries (FAO),,2000,986340
Least Developed Countries (FAO),,2001,976285
Least Developed Countries (FAO),,2002,992110
Least Developed Countries (FAO),,2003,1027078
Least Developed Countries (FAO),,2004,1044864
Least Developed Countries (FAO),,2005,1074518
Least Developed Countries (FAO),,2006,1101210
Least Developed Countries (FAO),,2007,1186084
Least Developed Countries (FAO),,2008,1238973
Least Developed Countries (FAO),,2009,1261563
Least Developed Countries (FAO),,2010,1287825
Least Developed Countries (FAO),,2011,1378763
Least Developed Countries (FAO),,2012,1415742
Least Developed Countries (FAO),,2013,1425450
Least Developed Countries (FAO),,2014,1415276
Least Developed Countries (FAO),,2015,1428565
Least Developed Countries (FAO),,2016,1408278
Least Developed Countries (FAO),,2017,1381285
Least Developed Countries (FAO),,2018,1212070
Least Developed Countries (FAO),,2019,1217779
Least Developed Countries (FAO),,2020,1215129
Least Developed Countries (FAO),,2021,1204419
Low Income Food Deficit Countries (FAO),,1961,4342300
Low Income Food Deficit Countries (FAO),,1962,4422300
Low Income Food Deficit Countries (FAO),,1963,4432300
Low Income Food Deficit Countries (FAO),,1964,4604300
Low Income Food Deficit Countries (FAO),,1965,4697800
Low Income Food Deficit Countries (FAO),,1966,4794801
Low Income Food Deficit Countries (FAO),,1967,4918343
Low Income Food Deficit Countries (FAO),,1968,5075395
Low Income Food Deficit Countries (FAO),,1969,5149787
Low Income Food Deficit Countries (FAO),,1970,5286372
Low Income Food Deficit Countries (FAO),,1971,5412770
Low Income Food Deficit Countries (FAO),,1972,5482820
Low Income Food Deficit Countries (FAO),,1973,5589900
Low Income Food Deficit Countries (FAO),,1974,5752780
Low Income Food Deficit Countries (FAO),,1975,5878000
Low Income Food Deficit Countries (FAO),,1976,6003075
Low Income Food Deficit Countries (FAO),,1977,6180730
Low Income Food Deficit Countries (FAO),,1978,6322990
Low Income Food Deficit Countries (FAO),,1979,6468230
Low Income Food Deficit Countries (FAO),,1980,6646300
Low Income Food Deficit Countries (FAO),,1981,6876250
Low Income Food Deficit Countries (FAO),,1982,7522425
Low Income Food Deficit Countries (FAO),,1983,7507425
Low Income Food Deficit Countries (FAO),,1984,7648090
Low Income Food Deficit Countries (FAO),,1985,8122100
Low Income Food Deficit Countries (FAO),,1986,8319050
Low Income Food Deficit Countries (FAO),,1987,8221437
Low Income Food Deficit Countries (FAO),,1988,8383466
Low Income Food Deficit Countries (FAO),,1989,8550080
Low Income Food Deficit Countries (FAO),,1990,8721372
Low Income Food Deficit Countries (FAO),,1991,8888556
Low Income Food Deficit Countries (FAO),,1992,9098084
Low Income Food Deficit Countries (FAO),,1993,9260542
Low Income Food Deficit Countries (FAO),,1994,9379451
Low Income Food Deficit Countries (FAO),,1995,9491468
Low Income Food Deficit Countries (FAO),,1996,9488061
Low Income Food Deficit Countries (FAO),,1997,9681201
Low Income Food Deficit Countries (FAO),,1998,9768179
Low Income Food Deficit Countries (FAO),,1999,9918039
Low Income Food Deficit Countries (FAO),,2000,10069100
Low Income Food Deficit Countries (FAO),,2001,10209150
Low Income Food Deficit Countries (FAO),,2002,10364600
Low Income Food Deficit Countries (FAO),,2003,10531500
Low Income Food Deficit Countries (FAO),,2004,10745250
Low Income Food Deficit Countries (FAO),,2005,10968468
Low Income Food Deficit Countries (FAO),,2006,11203273
Low Income Food Deficit Countries (FAO),,2007,11432250
Low Income Food Deficit Countries (FAO),,2008,11648043
Low Income Food Deficit Countries (FAO),,2009,11878100
Low Income Food Deficit Countries (FAO),,2010,12505607
Low Income Food Deficit Countries (FAO),,2011,12606133
Low Income Food Deficit Countries (FAO),,2012,12715240
Low Income Food Deficit Countries (FAO),,2013,12817068
Low Income Food Deficit Countries (FAO),,2014,12886345
Low Income Food Deficit Countries (FAO),,2015,12724096
Low Income Food Deficit Countries (FAO),,2016,12681178
Low Income Food Deficit Countries (FAO),,2017,12532339
Low Income Food Deficit Countries (FAO),,2018,13136184
Low Income Food Deficit Countries (FAO),,2019,12913015
Low Income Food Deficit Countries (FAO),,2020,12737609
Low Income Food Deficit Countries (FAO),,2021,13086162
Low-income countries,,1961,300
Low-income countries,,1962,300
Low-income countries,,1963,300
Low-income countries,,1964,300
Low-income countries,,1965,300
Low-income countries,,1966,301
Low-income countries,,1967,343
Low-income countries,,1968,395
Low-income countries,,1969,787
Low-income countries,,1970,872
Low-income countries,,1971,770
Low-income countries,,1972,820
Low-income countries,,1973,900
Low-income countries,,1974,780
Low-income countries,,1975,1000
Low-income countries,,1976,1075
Low-income countries,,1977,1230
Low-income countries,,1978,1290
Low-income countries,,1979,1530
Low-income countries,,1980,1300
Low-income countries,,1981,1250
Low-income countries,,1982,1425
Low-income countries,,1983,1425
Low-income countries,,1984,1180
Low-income countries,,1985,1100
Low-income countries,,1986,1050
Low-income countries,,1987,800
Low-income countries,,1988,720
Low-income countries,,1989,660
Low-income countries,,1990,487
Low-income countries,,1991,659
Low-income countries,,1992,758
Low-income countries,,1993,650
Low-income countries,,1994,715
Low-income countries,,1995,710
Low-income countries,,1996,820
Low-income countries,,1997,965
Low-income countries,,1998,730
Low-income countries,,1999,1600
Low-income countries,,2000,1600
Low-income countries,,2001,1400
Low-income countries,,2002,1600
Low-income countries,,2003,1500
Low-income countries,,2004,1500
Low-income countries,,2005,2218
Low-income countries,,2006,2273
Low-income countries,,2007,3000
Low-income countries,,2008,3000
Low-income countries,,2009,3000
Low-income countries,,2010,4107
Low-income countries,,2011,4133
Low-income countries,,2012,4140
Low-income countries,,2013,4193
Low-income countries,,2014,4242
Low-income countries,,2015,4273
Low-income countries,,2016,4290
Low-income countries,,2017,3703
Low-income countries,,2018,3713
Low-income countries,,2019,3815
Low-income countries,,2020,3855
Low-income countries,,2021,3474
Lower-middle-income countries,,1961,6717216
Lower-middle-income countries,,1962,6843570
Lower-middle-income countries,,1963,6857450
Lower-middle-income countries,,1964,7125400
Lower-middle-income countries,,1965,7249480
Lower-middle-income countries,,1966,7355680
Lower-middle-income countries,,1967,7547790
Lower-middle-income countries,,1968,7877000
Lower-middle-income countries,,1969,8032364
Lower-middle-income countries,,1970,8241938
Lower-middle-income countries,,1971,8507669
Lower-middle-income countries,,1972,8707478
Lower-middle-income countries,,1973,8959321
Lower-middle-income countries,,1974,9227634
Lower-middle-income countries,,1975,9304022
Lower-middle-income countries,,1976,9484477
Lower-middle-income countries,,1977,9699072
Lower-middle-income countries,,1978,9910427
Lower-middle-income countries,,1979,10127923
Lower-middle-income countries,,1980,10409427
Lower-middle-income countries,,1981,10698991
Lower-middle-income countries,,1982,11422408
Lower-middle-income countries,,1983,11481286
Lower-middle-income countries,,1984,11834241
Lower-middle-income countries,,1985,12299111
Lower-middle-income countries,,1986,12599723
Lower-middle-income countries,,1987,12593228
Lower-middle-income countries,,1988,13303663
Lower-middle-income countries,,1989,13605296
Lower-middle-income countries,,1990,13996190
Lower-middle-income countries,,1991,14166743
Lower-middle-income countries,,1992,14493200
Lower-middle-income countries,,1993,14781065
Lower-middle-income countries,,1994,15229936
Lower-middle-income countries,,1995,15683949
Lower-middle-income countries,,1996,14936955
Lower-middle-income countries,,1997,15616940
Lower-middle-income countries,,1998,15887733
Lower-middle-income countries,,1999,16285935
Lower-middle-income countries,,2000,16604811
Lower-middle-income countries,,2001,16357927
Lower-middle-income countries,,2002,16696095
Lower-middle-income countries,,2003,16866621
Lower-middle-income countries,,2004,17228760
Lower-middle-income countries,,2005,17623699
Lower-middle-income countries,,2006,19018206
Lower-middle-income countries,,2007,19634589
Lower-middle-income countries,,2008,19982266
Lower-middle-income countries,,2009,20403344
Lower-middle-income countries,,2010,21287494
Lower-middle-income countries,,2011,21642183
Lower-middle-income countries,,2012,21922855
Lower-middle-income countries,,2013,21631130
Lower-middle-income countries,,2014,21900844
Lower-middle-income countries,,2015,21955042
Lower-middle-income countries,,2016,22032875
Lower-middle-income countries,,2017,22099010
Lower-middle-income countries,,2018,22730150
Lower-middle-income countries,,2019,22319137
Lower-middle-income countries,,2020,22181027
Lower-middle-income countries,,2021,22780960
Macao,MAC,1961,3500
Macao,MAC,1962,4005
Macao,MAC,1963,3163
Macao,MAC,1964,3699
Macao,MAC,1965,3976
Macao,MAC,1966,5113
Macao,MAC,1967,3748
Macao,MAC,1968,3790
Macao,MAC,1969,4137
Macao,MAC,1970,3767
Macao,MAC,1971,3735
Macao,MAC,1972,6648
Macao,MAC,1973,4347
Macao,MAC,1974,3382
Macao,MAC,1975,3672
Macao,MAC,1976,5439
Macao,MAC,1977,4468
Macao,MAC,1978,4544
Macao,MAC,1979,6300
Macao,MAC,1980,6000
Macao,MAC,1981,6500
Macao,MAC,1982,7175
Macao,MAC,1983,3600
Macao,MAC,1984,5400
Macao,MAC,1985,8700
Macao,MAC,1986,9000
Macao,MAC,1987,8500
Macao,MAC,1988,9300
Macao,MAC,1989,5725
Macao,MAC,1990,5310
Macao,MAC,1991,2201
Macao,MAC,1992,87
Macao,MAC,1993,15
Macao,MAC,1994,0
Macao,MAC,1995,31
Macao,MAC,1996,0
Macao,MAC,1997,0
Macao,MAC,1998,0
Macao,MAC,1999,0
Macao,MAC,2000,0
Macao,MAC,2001,0
Macao,MAC,2002,0
Macao,MAC,2003,0
Macao,MAC,2004,0
Macao,MAC,2005,0
Macao,MAC,2006,0
Macao,MAC,2007,0
Macao,MAC,2008,0
Macao,MAC,2009,0
Macao,MAC,2010,0
Macao,MAC,2011,0
Macao,MAC,2012,0
Macao,MAC,2013,0
Macao,MAC,2014,0
Macao,MAC,2015,0
Macao,MAC,2016,0
Macao,MAC,2017,0
Macao,MAC,2018,0
Macao,MAC,2019,0
Macao,MAC,2020,0
Macao,MAC,2021,0
Malaysia,MYS,1961,51600
Malaysia,MYS,1962,48500
Malaysia,MYS,1963,49700
Malaysia,MYS,1964,53100
Malaysia,MYS,1965,54400
Malaysia,MYS,1966,53900
Malaysia,MYS,1967,51600
Malaysia,MYS,1968,47400
Malaysia,MYS,1969,46100
Malaysia,MYS,1970,51400
Malaysia,MYS,1971,55000
Malaysia,MYS,1972,55500
Malaysia,MYS,1973,42200
Malaysia,MYS,1974,51900
Malaysia,MYS,1975,44500
Malaysia,MYS,1976,45500
Malaysia,MYS,1977,44700
Malaysia,MYS,1978,45200
Malaysia,MYS,1979,38500
Malaysia,MYS,1980,38700
Malaysia,MYS,1981,38700
Malaysia,MYS,1982,38600
Malaysia,MYS,1983,35700
Malaysia,MYS,1984,33300
Malaysia,MYS,1985,31000
Malaysia,MYS,1986,24700
Malaysia,MYS,1987,25000
Malaysia,MYS,1988,28300
Malaysia,MYS,1989,25400
Malaysia,MYS,1990,22400
Malaysia,MYS,1991,17045
Malaysia,MYS,1992,17620
Malaysia,MYS,1993,17199
Malaysia,MYS,1994,20202
Malaysia,MYS,1995,19481
Malaysia,MYS,1996,20071
Malaysia,MYS,1997,18920
Malaysia,MYS,1998,17516
Malaysia,MYS,1999,15519
Malaysia,MYS,2000,15587
Malaysia,MYS,2001,12357
Malaysia,MYS,2002,11104
Malaysia,MYS,2003,11156
Malaysia,MYS,2004,12969
Malaysia,MYS,2005,12855
Malaysia,MYS,2006,13349
Malaysia,MYS,2007,13991
Malaysia,MYS,2008,15289
Malaysia,MYS,2009,16862
Malaysia,MYS,2010,18604
Malaysia,MYS,2011,19533
Malaysia,MYS,2012,19978
Malaysia,MYS,2013,17080
Malaysia,MYS,2014,15667
Malaysia,MYS,2015,15160
Malaysia,MYS,2016,15153
Malaysia,MYS,2017,17040
Malaysia,MYS,2018,15291
Malaysia,MYS,2019,16378
Malaysia,MYS,2020,14557
Malaysia,MYS,2021,13412
Myanmar,MMR,1961,52500
Myanmar,MMR,1962,51000
Myanmar,MMR,1963,53000
Myanmar,MMR,1964,61500
Myanmar,MMR,1965,61500
Myanmar,MMR,1966,63000
Myanmar,MMR,1967,66500
Myanmar,MMR,1968,73000
Myanmar,MMR,1969,75000
Myanmar,MMR,1970,77000
Myanmar,MMR,1971,80000
Myanmar,MMR,1972,82000
Myanmar,MMR,1973,83500
Myanmar,MMR,1974,84500
Myanmar,MMR,1975,86000
Myanmar,MMR,1976,86000
Myanmar,MMR,1977,86500
Myanmar,MMR,1978,88500
Myanmar,MMR,1979,91000
Myanmar,MMR,1980,95000
Myanmar,MMR,1981,98500
Myanmar,MMR,1982,101000
Myanmar,MMR,1983,102500
Myanmar,MMR,1984,104000
Myanmar,MMR,1985,107000
Myanmar,MMR,1986,108000
Myanmar,MMR,1987,109500
Myanmar,MMR,1988,112500
Myanmar,MMR,1989,101000
Myanmar,MMR,1990,103000
Myanmar,MMR,1991,103500
Myanmar,MMR,1992,105000
Myanmar,MMR,1993,105500
Myanmar,MMR,1994,106500
Myanmar,MMR,1995,110000
Myanmar,MMR,1996,113500
Myanmar,MMR,1997,115000
Myanmar,MMR,1998,116800
Myanmar,MMR,1999,119000
Myanmar,MMR,2000,120000
Myanmar,MMR,2001,123000
Myanmar,MMR,2002,130000
Myanmar,MMR,2003,135098
Myanmar,MMR,2004,137734
Myanmar,MMR,2005,140638
Myanmar,MMR,2006,144022
Myanmar,MMR,2007,198921
Myanmar,MMR,2008,233885
Myanmar,MMR,2009,230000
Myanmar,MMR,2010,230000
Myanmar,MMR,2011,293000
Myanmar,MMR,2012,300000
Myanmar,MMR,2013,306000
Myanmar,MMR,2014,298311
Myanmar,MMR,2015,305103
Myanmar,MMR,2016,320256
Myanmar,MMR,2017,346620
Myanmar,MMR,2018,173922
Myanmar,MMR,2019,181089
Myanmar,MMR,2020,188509
Myanmar,MMR,2021,191819
Nepal,NPL,1961,120000
Nepal,NPL,1962,120000
Nepal,NPL,1963,137000
Nepal,NPL,1964,137000
Nepal,NPL,1965,141000
Nepal,NPL,1966,135000
Nepal,NPL,1967,141000
Nepal,NPL,1968,144000
Nepal,NPL,1969,146000
Nepal,NPL,1970,153000
Nepal,NPL,1971,169000
Nepal,NPL,1972,190000
Nepal,NPL,1973,200000
Nepal,NPL,1974,220000
Nepal,NPL,1975,250000
Nepal,NPL,1976,270000
Nepal,NPL,1977,300000
Nepal,NPL,1978,320000
Nepal,NPL,1979,330000
Nepal,NPL,1980,375000
Nepal,NPL,1981,406000
Nepal,NPL,1982,357000
Nepal,NPL,1983,391000
Nepal,NPL,1984,412000
Nepal,NPL,1985,426000
Nepal,NPL,1986,434000
Nepal,NPL,1987,437637
Nepal,NPL,1988,442746
Nepal,NPL,1989,450420
Nepal,NPL,1990,451885
Nepal,NPL,1991,454000
Nepal,NPL,1992,457000
Nepal,NPL,1993,495931
Nepal,NPL,1994,500000
Nepal,NPL,1995,500000
Nepal,NPL,1996,500000
Nepal,NPL,1997,570000
Nepal,NPL,1998,575000
Nepal,NPL,1999,580000
Nepal,NPL,2000,585000
Nepal,NPL,2001,586000
Nepal,NPL,2002,590000
Nepal,NPL,2003,603000
Nepal,NPL,2004,616000
Nepal,NPL,2005,641000
Nepal,NPL,2006,656000
Nepal,NPL,2007,678000
Nepal,NPL,2008,690000
Nepal,NPL,2009,712600
Nepal,NPL,2010,737000
Nepal,NPL,2011,763000
Nepal,NPL,2012,783700
Nepal,NPL,2013,796000
Nepal,NPL,2014,800000
Nepal,NPL,2015,802193
Nepal,NPL,2016,762207
Nepal,NPL,2017,707139
Nepal,NPL,2018,707384
Nepal,NPL,2019,702311
Nepal,NPL,2020,689201
Nepal,NPL,2021,671943
Net Food Importing Developing Countries (FAO),,1961,2135140
Net Food Importing Developing Countries (FAO),,1962,2194570
Net Food Importing Developing Countries (FAO),,1963,2236450
Net Food Importing Developing Countries (FAO),,1964,2283400
Net Food Importing Developing Countries (FAO),,1965,2308480
Net Food Importing Developing Countries (FAO),,1966,2326680
Net Food Importing Developing Countries (FAO),,1967,2430790
Net Food Importing Developing Countries (FAO),,1968,2587000
Net Food Importing Developing Countries (FAO),,1969,2719000
Net Food Importing Developing Countries (FAO),,1970,2796620
Net Food Importing Developing Countries (FAO),,1971,2926420
Net Food Importing Developing Countries (FAO),,1972,3030260
Net Food Importing Developing Countries (FAO),,1973,3089650
Net Food Importing Developing Countries (FAO),,1974,3168150
Net Food Importing Developing Countries (FAO),,1975,3253380
Net Food Importing Developing Countries (FAO),,1976,3330000
Net Food Importing Developing Countries (FAO),,1977,3396600
Net Food Importing Developing Countries (FAO),,1978,3515163
Net Food Importing Developing Countries (FAO),,1979,3613891
Net Food Importing Developing Countries (FAO),,1980,3730828
Net Food Importing Developing Countries (FAO),,1981,3842579
Net Food Importing Developing Countries (FAO),,1982,3878270
Net Food Importing Developing Countries (FAO),,1983,3987380
Net Food Importing Developing Countries (FAO),,1984,4212280
Net Food Importing Developing Countries (FAO),,1985,4209270
Net Food Importing Developing Countries (FAO),,1986,4295360
Net Food Importing Developing Countries (FAO),,1987,4371487
Net Food Importing Developing Countries (FAO),,1988,4898076
Net Food Importing Developing Countries (FAO),,1989,5012340
Net Food Importing Developing Countries (FAO),,1990,5268885
Net Food Importing Developing Countries (FAO),,1991,5270560
Net Food Importing Developing Countries (FAO),,1992,5388510
Net Food Importing Developing Countries (FAO),,1993,5525943
Net Food Importing Developing Countries (FAO),,1994,5880008
Net Food Importing Developing Countries (FAO),,1995,6208166
Net Food Importing Developing Countries (FAO),,1996,5422949
Net Food Importing Developing Countries (FAO),,1997,5980507
Net Food Importing Developing Countries (FAO),,1998,6158903
Net Food Importing Developing Countries (FAO),,1999,6337437
Net Food Importing Developing Countries (FAO),,2000,6510411
Net Food Importing Developing Countries (FAO),,2001,6134177
Net Food Importing Developing Countries (FAO),,2002,6333845
Net Food Importing Developing Countries (FAO),,2003,6358621
Net Food Importing Developing Countries (FAO),,2004,6563800
Net Food Importing Developing Countries (FAO),,2005,6774011
Net Food Importing Developing Countries (FAO),,2006,7888258
Net Food Importing Developing Countries (FAO),,2007,8168685
Net Food Importing Developing Countries (FAO),,2008,8407125
Net Food Importing Developing Countries (FAO),,2009,8656262
Net Food Importing Developing Countries (FAO),,2010,8904065
Net Food Importing Developing Countries (FAO),,2011,9192825
Net Food Importing Developing Countries (FAO),,2012,9417653
Net Food Importing Developing Countries (FAO),,2013,9106228
Net Food Importing Developing Countries (FAO),,2014,9288887
Net Food Importing Developing Countries (FAO),,2015,9496963
Net Food Importing Developing Countries (FAO),,2016,9586410
Net Food Importing Developing Countries (FAO),,2017,9749400
Net Food Importing Developing Countries (FAO),,2018,9864975
Net Food Importing Developing Countries (FAO),,2019,9690341
Net Food Importing Developing Countries (FAO),,2020,9806224
Net Food Importing Developing Countries (FAO),,2021,9972986
North America,,1991,0
North America,,1992,0
North America,,1993,0
North America,,1994,0
North America,,1995,0
North America,,1996,0
North America,,1997,0
North America,,1998,0
North America,,1999,0
North America,,2000,0
North America,,2001,0
North America,,2002,0
North America,,2003,0
North America,,2004,0
North America,,2005,0
North America,,2006,0
North America,,2007,0
North America,,2008,0
North America,,2009,0
North America,,2010,0
North America,,2011,0
North America,,2012,0
North America,,2013,0
North America,,2014,0
North America,,2015,0
North America,,2016,0
North America,,2017,0
North America,,2018,190
North America,,2019,70
North America,,2020,100
North America,,2021,50
Northern Africa (FAO),,1961,496000
Northern Africa (FAO),,1962,504000
Northern Africa (FAO),,1963,511000
Northern Africa (FAO),,1964,519000
Northern Africa (FAO),,1965,527000
Northern Africa (FAO),,1966,535000
Northern Africa (FAO),,1967,542000
Northern Africa (FAO),,1968,648000
Northern Africa (FAO),,1969,700000
Northern Africa (FAO),,1970,695000
Northern Africa (FAO),,1971,731000
Northern Africa (FAO),,1972,751000
Northern Africa (FAO),,1973,771000
Northern Africa (FAO),,1974,790000
Northern Africa (FAO),,1975,809000
Northern Africa (FAO),,1976,828000
Northern Africa (FAO),,1977,847000
Northern Africa (FAO),,1978,890143
Northern Africa (FAO),,1979,919661
Northern Africa (FAO),,1980,934078
Northern Africa (FAO),,1981,956109
Northern Africa (FAO),,1982,960000
Northern Africa (FAO),,1983,970000
Northern Africa (FAO),,1984,1100000
Northern Africa (FAO),,1985,1010000
Northern Africa (FAO),,1986,1020000
Northern Africa (FAO),,1987,1025000
Northern Africa (FAO),,1988,1035000
Northern Africa (FAO),,1989,1070000
Northern Africa (FAO),,1990,1215000
Northern Africa (FAO),,1991,1103000
Northern Africa (FAO),,1992,1125000
Northern Africa (FAO),,1993,1147000
Northern Africa (FAO),,1994,1280000
Northern Africa (FAO),,1995,1375000
Northern Africa (FAO),,1996,1370000
Northern Africa (FAO),,1997,1450000
Northern Africa (FAO),,1998,1520000
Northern Africa (FAO),,1999,1580000
Northern Africa (FAO),,2000,1640000
Northern Africa (FAO),,2001,1073468
Northern Africa (FAO),,2002,1156965
Northern Africa (FAO),,2003,1048000
Northern Africa (FAO),,2004,1068000
Northern Africa (FAO),,2005,1115000
Northern Africa (FAO),,2006,1132000
Northern Africa (FAO),,2007,1167000
Northern Africa (FAO),,2008,1182000
Northern Africa (FAO),,2009,1228000
Northern Africa (FAO),,2010,1262000
Northern Africa (FAO),,2011,1271000
Northern Africa (FAO),,2012,1205000
Northern Africa (FAO),,2013,1170000
Northern Africa (FAO),,2014,1149000
Northern Africa (FAO),,2015,1179000
Northern Africa (FAO),,2016,1089000
Northern Africa (FAO),,2017,1077000
Northern Africa (FAO),,2018,1096000
Northern Africa (FAO),,2019,659000
Northern Africa (FAO),,2020,556000
Northern Africa (FAO),,2021,504634
Pakistan,PAK,1961,1350000
Pakistan,PAK,1962,1400000
Pakistan,PAK,1963,1410000
Pakistan,PAK,1964,1430000
Pakistan,PAK,1965,1440000
Pakistan,PAK,1966,1463000
Pakistan,PAK,1967,1537000
Pakistan,PAK,1968,1573000
Pakistan,PAK,1969,1646000
Pakistan,PAK,1970,1683000
Pakistan,PAK,1971,1756000
Pakistan,PAK,1972,1821000
Pakistan,PAK,1973,1861000
Pakistan,PAK,1974,1901000
Pakistan,PAK,1975,1941000
Pakistan,PAK,1976,1982000
Pakistan,PAK,1977,2025000
Pakistan,PAK,1978,2068000
Pakistan,PAK,1979,2112000
Pakistan,PAK,1980,2157000
Pakistan,PAK,1981,2203000
Pakistan,PAK,1982,2278000
Pakistan,PAK,1983,2332000
Pakistan,PAK,1984,2387000
Pakistan,PAK,1985,2443000
Pakistan,PAK,1986,2500000
Pakistan,PAK,1987,2559000
Pakistan,PAK,1988,3086000
Pakistan,PAK,1989,3164000
Pakistan,PAK,1990,3245000
Pakistan,PAK,1991,3328000
Pakistan,PAK,1992,3413000
Pakistan,PAK,1993,3481700
Pakistan,PAK,1994,3700000
Pakistan,PAK,1995,3900000
Pakistan,PAK,1996,3100000
Pakistan,PAK,1997,3500000
Pakistan,PAK,1998,3600000
Pakistan,PAK,1999,3700000
Pakistan,PAK,2000,3800000
Pakistan,PAK,2001,4000000
Pakistan,PAK,2002,4100000
Pakistan,PAK,2003,4200000
Pakistan,PAK,2004,4367000
Pakistan,PAK,2005,4500000
Pakistan,PAK,2006,5570000
Pakistan,PAK,2007,5730000
Pakistan,PAK,2008,5900000
Pakistan,PAK,2009,6080000
Pakistan,PAK,2010,6267000
Pakistan,PAK,2011,6455000
Pakistan,PAK,2012,6708000
Pakistan,PAK,2013,6416000
Pakistan,PAK,2014,6607000
Pakistan,PAK,2015,6804000
Pakistan,PAK,2016,7004000
Pakistan,PAK,2017,7212000
Pakistan,PAK,2018,7426000
Pakistan,PAK,2019,7649000
Pakistan,PAK,2020,7877000
Pakistan,PAK,2021,8111000
Philippines,PHL,1961,84000
Philippines,PHL,1962,100000
Philippines,PHL,1963,105000
Philippines,PHL,1964,110000
Philippines,PHL,1965,117000
Philippines,PHL,1966,142000
Philippines,PHL,1967,124000
Philippines,PHL,1968,116000
Philippines,PHL,1969,120000
Philippines,PHL,1970,118000
Philippines,PHL,1971,154000
Philippines,PHL,1972,173000
Philippines,PHL,1973,272000
Philippines,PHL,1974,310000
Philippines,PHL,1975,212000
Philippines,PHL,1976,200000
Philippines,PHL,1977,175000
Philippines,PHL,1978,161000
Philippines,PHL,1979,148000
Philippines,PHL,1980,191000
Philippines,PHL,1981,158000
Philippines,PHL,1982,148000
Philippines,PHL,1983,136690
Philippines,PHL,1984,150220
Philippines,PHL,1985,155100
Philippines,PHL,1986,166811
Philippines,PHL,1987,211000
Philippines,PHL,1988,247000
Philippines,PHL,1989,270000
Philippines,PHL,1990,230000
Philippines,PHL,1991,228000
Philippines,PHL,1992,241000
Philippines,PHL,1993,240000
Philippines,PHL,1994,241000
Philippines,PHL,1995,244000
Philippines,PHL,1996,256000
Philippines,PHL,1997,282730
Philippines,PHL,1998,301140
Philippines,PHL,1999,371000
Philippines,PHL,2000,387000
Philippines,PHL,2001,391000
Philippines,PHL,2002,397000
Philippines,PHL,2003,400000
Philippines,PHL,2004,367614
Philippines,PHL,2005,355557
Philippines,PHL,2006,388948
Philippines,PHL,2007,508176
Philippines,PHL,2008,457275
Philippines,PHL,2009,455000
Philippines,PHL,2010,485000
Philippines,PHL,2011,481300
Philippines,PHL,2012,462000
Philippines,PHL,2013,462000
Philippines,PHL,2014,461493
Philippines,PHL,2015,453699
Philippines,PHL,2016,464687
Philippines,PHL,2017,464006
Philippines,PHL,2018,467550
Philippines,PHL,2019,462722
Philippines,PHL,2020,400276
Philippines,PHL,2021,448044
Romania,ROU,1990,0
Romania,ROU,1991,0
Romania,ROU,1992,0
Romania,ROU,1993,0
Romania,ROU,1994,0
Romania,ROU,1995,0
Romania,ROU,1996,0
Romania,ROU,1997,0
Romania,ROU,1998,0
Romania,ROU,1999,0
Romania,ROU,2000,0
Romania,ROU,2001,0
Romania,ROU,2002,0
Romania,ROU,2003,0
Romania,ROU,2004,0
Romania,ROU,2005,0
Romania,ROU,2006,0
Romania,ROU,2007,0
Romania,ROU,2008,0
Romania,ROU,2009,0
Romania,ROU,2010,0
Romania,ROU,2011,0
Romania,ROU,2012,0
Romania,ROU,2013,0
Romania,ROU,2014,0
Romania,ROU,2015,0
Romania,ROU,2016,0
Romania,ROU,2017,0
Romania,ROU,2018,0
Romania,ROU,2019,0
Romania,ROU,2020,0
Romania,ROU,2021,0
Singapore,SGP,1961,2479
Singapore,SGP,1962,1926
Singapore,SGP,1963,2853
Singapore,SGP,1964,5439
Singapore,SGP,1965,7755
Singapore,SGP,1966,5600
Singapore,SGP,1967,4870
Singapore,SGP,1968,3500
Singapore,SGP,1969,3401
Singapore,SGP,1970,3873
Singapore,SGP,1971,5223
Singapore,SGP,1972,3752
Singapore,SGP,1973,519
Singapore,SGP,1974,88
Singapore,SGP,1975,222
Singapore,SGP,1976,200
Singapore,SGP,1977,78
Singapore,SGP,1978,125
Singapore,SGP,1979,188
Singapore,SGP,1980,185
Singapore,SGP,1981,170
Singapore,SGP,1982,111
Singapore,SGP,1983,138
Singapore,SGP,1984,137
Singapore,SGP,1985,77
Singapore,SGP,1986,7
Singapore,SGP,1987,6
Singapore,SGP,1988,3
Singapore,SGP,1989,3
Singapore,SGP,1990,0
Singapore,SGP,1991,0
Singapore,SGP,1992,0
Small Island Developing States (FAO),,1961,14619
Small Island Developing States (FAO),,1962,12996
Small Island Developing States (FAO),,1963,14253
Small Island Developing States (FAO),,1964,17439
Small Island Developing States (FAO),,1965,20055
Small Island Developing States (FAO),,1966,18000
Small Island Developing States (FAO),,1967,16870
Small Island Developing States (FAO),,1968,15500
Small Island Developing States (FAO),,1969,15401
Small Island Developing States (FAO),,1970,16273
Small Island Developing States (FAO),,1971,17923
Small Island Developing States (FAO),,1972,17252
Small Island Developing States (FAO),,1973,13919
Small Island Developing States (FAO),,1974,12988
Small Island Developing States (FAO),,1975,12822
Small Island Developing States (FAO),,1976,8400
Small Island Developing States (FAO),,1977,6878
Small Island Developing States (FAO),,1978,6125
Small Island Developing States (FAO),,1979,5388
Small Island Developing States (FAO),,1980,4285
Small Island Developing States (FAO),,1981,3870
Small Island Developing States (FAO),,1982,3511
Small Island Developing States (FAO),,1983,3138
Small Island Developing States (FAO),,1984,2637
Small Island Developing States (FAO),,1985,2477
Small Island Developing States (FAO),,1986,2507
Small Island Developing States (FAO),,1987,2506
Small Island Developing States (FAO),,1988,3003
Small Island Developing States (FAO),,1989,3103
Small Island Developing States (FAO),,1990,3200
Small Island Developing States (FAO),,1991,3300
Small Island Developing States (FAO),,1992,3500
Small Island Developing States (FAO),,1993,3800
Small Island Developing States (FAO),,1994,3500
Small Island Developing States (FAO),,1995,3600
Small Island Developing States (FAO),,1996,4700
Small Island Developing States (FAO),,1997,3220
Small Island Developing States (FAO),,1998,4700
Small Island Developing States (FAO),,1999,7000
Small Island Developing States (FAO),,2000,5000
Small Island Developing States (FAO),,2001,5385
Small Island Developing States (FAO),,2002,5300
Small Island Developing States (FAO),,2003,5200
Small Island Developing States (FAO),,2004,5000
Small Island Developing States (FAO),,2005,5100
Small Island Developing States (FAO),,2006,5200
Small Island Developing States (FAO),,2007,5200
Small Island Developing States (FAO),,2008,5300
Small Island Developing States (FAO),,2009,5400
Small Island Developing States (FAO),,2010,5600
Small Island Developing States (FAO),,2011,5700
Small Island Developing States (FAO),,2012,6000
Small Island Developing States (FAO),,2013,6300
Small Island Developing States (FAO),,2014,5861
Small Island Developing States (FAO),,2015,6750
Small Island Developing States (FAO),,2016,6674
Small Island Developing States (FAO),,2017,6635
Small Island Developing States (FAO),,2018,6805
Small Island Developing States (FAO),,2019,6723
Small Island Developing States (FAO),,2020,6637
Small Island Developing States (FAO),,2021,6587
South America,,2010,0
South America,,2011,8000
South America,,2012,9000
South America,,2013,10500
South America,,2014,14486
South America,,2015,19599
South America,,2016,22918
South America,,2017,26163
South America,,2018,84884
South America,,2019,114901
South America,,2020,111085
South America,,2021,115729
South America (FAO),,2011,8000
South America (FAO),,2012,9000
South America (FAO),,2013,10500
South America (FAO),,2014,14486
South America (FAO),,2015,19599
South America (FAO),,2016,22918
South America (FAO),,2017,26163
South America (FAO),,2018,84884
South America (FAO),,2019,114901
South America (FAO),,2020,111085
South America (FAO),,2021,115729
South-eastern Asia (FAO),,1961,1200495
South-eastern Asia (FAO),,1962,1215496
South-eastern Asia (FAO),,1963,1219953
South-eastern Asia (FAO),,1964,1299289
South-eastern Asia (FAO),,1965,1331055
South-eastern Asia (FAO),,1966,1339500
South-eastern Asia (FAO),,1967,1342070
South-eastern Asia (FAO),,1968,1383425
South-eastern Asia (FAO),,1969,1360765
South-eastern Asia (FAO),,1970,1419933
South-eastern Asia (FAO),,1971,1430412
South-eastern Asia (FAO),,1972,1443124
South-eastern Asia (FAO),,1973,1550239
South-eastern Asia (FAO),,1974,1615872
South-eastern Asia (FAO),,1975,1496964
South-eastern Asia (FAO),,1976,1528577
South-eastern Asia (FAO),,1977,1514324
South-eastern Asia (FAO),,1978,1511422
South-eastern Asia (FAO),,1979,1523124
South-eastern Asia (FAO),,1980,1522885
South-eastern Asia (FAO),,1981,1560449
South-eastern Asia (FAO),,1982,1602126
South-eastern Asia (FAO),,1983,1605922
South-eastern Asia (FAO),,1984,1647598
South-eastern Asia (FAO),,1985,1679818
South-eastern Asia (FAO),,1986,1708765
South-eastern Asia (FAO),,1987,1710992
South-eastern Asia (FAO),,1988,1705790
South-eastern Asia (FAO),,1989,1715659
South-eastern Asia (FAO),,1990,1656255
South-eastern Asia (FAO),,1991,1676428
South-eastern Asia (FAO),,1992,1673210
South-eastern Asia (FAO),,1993,1745841
South-eastern Asia (FAO),,1994,1646700
South-eastern Asia (FAO),,1995,1662794
South-eastern Asia (FAO),,1996,1550168
South-eastern Asia (FAO),,1997,1529457
South-eastern Asia (FAO),,1998,1462478
South-eastern Asia (FAO),,1999,1526122
South-eastern Asia (FAO),,2000,1477648
South-eastern Asia (FAO),,2001,1424844
South-eastern Asia (FAO),,2002,1430587
South-eastern Asia (FAO),,2003,1435402
South-eastern Asia (FAO),,2004,1419008
South-eastern Asia (FAO),,2005,1449222
South-eastern Asia (FAO),,2006,1549102
South-eastern Asia (FAO),,2007,1747970
South-eastern Asia (FAO),,2008,1707128
South-eastern Asia (FAO),,2009,1691822
South-eastern Asia (FAO),,2010,1743846
South-eastern Asia (FAO),,2011,1756370
South-eastern Asia (FAO),,2012,1804755
South-eastern Asia (FAO),,2013,1730230
South-eastern Asia (FAO),,2014,1614529
South-eastern Asia (FAO),,2015,1631320
South-eastern Asia (FAO),,2016,1684025
South-eastern Asia (FAO),,2017,1708520
South-eastern Asia (FAO),,2018,1495087
South-eastern Asia (FAO),,2019,1534729
South-eastern Asia (FAO),,2020,1436428
South-eastern Asia (FAO),,2021,1602832
Southern Asia (FAO),,1961,5577500
Southern Asia (FAO),,1962,5709500
Southern Asia (FAO),,1963,5723550
Southern Asia (FAO),,1964,5919650
Southern Asia (FAO),,1965,6016180
Southern Asia (FAO),,1966,6113180
Southern Asia (FAO),,1967,6302690
Southern Asia (FAO),,1968,6489700
Southern Asia (FAO),,1969,6624700
Southern Asia (FAO),,1970,6785220
Southern Asia (FAO),,1971,6989720
Southern Asia (FAO),,1972,7125760
Southern Asia (FAO),,1973,7263750
Southern Asia (FAO),,1974,7467750
Southern Asia (FAO),,1975,7634780
Southern Asia (FAO),,1976,7795800
Southern Asia (FAO),,1977,8014300
Southern Asia (FAO),,1978,8195520
Southern Asia (FAO),,1979,8375530
Southern Asia (FAO),,1980,8592850
Southern Asia (FAO),,1981,8871870
Southern Asia (FAO),,1982,9599870
Southern Asia (FAO),,1983,9621880
Southern Asia (FAO),,1984,9790780
Southern Asia (FAO),,1985,10308870
Southern Asia (FAO),,1986,10555860
Southern Asia (FAO),,1987,10512487
Southern Asia (FAO),,1988,11191576
Southern Asia (FAO),,1989,11427240
Southern Asia (FAO),,1990,11687685
Southern Asia (FAO),,1991,11924760
Southern Asia (FAO),,1992,12213010
Southern Asia (FAO),,1993,12431443
Southern Asia (FAO),,1994,12764408
Southern Asia (FAO),,1995,13080066
Southern Asia (FAO),,1996,12396749
Southern Asia (FAO),,1997,12969887
Southern Asia (FAO),,1998,13197503
Southern Asia (FAO),,1999,13434937
Southern Asia (FAO),,2000,13670411
Southern Asia (FAO),,2001,14003824
Southern Asia (FAO),,2002,14230880
Southern Asia (FAO),,2003,14482923
Southern Asia (FAO),,2004,14846066
Southern Asia (FAO),,2005,15193873
Southern Asia (FAO),,2006,16453836
Southern Asia (FAO),,2007,16852540
Southern Asia (FAO),,2008,17200762
Southern Asia (FAO),,2009,17590444
Southern Asia (FAO),,2010,18409692
Southern Asia (FAO),,2011,18726682
Southern Asia (FAO),,2012,19112060
Southern Asia (FAO),,2013,18909504
Southern Asia (FAO),,2014,19236878
Southern Asia (FAO),,2015,19247144
Southern Asia (FAO),,2016,19394368
Southern Asia (FAO),,2017,19442980
Southern Asia (FAO),,2018,20245718
Southern Asia (FAO),,2019,20226432
Southern Asia (FAO),,2020,20279168
Southern Asia (FAO),,2021,20747770
Southern Europe (FAO),,1961,25633
Southern Europe (FAO),,1962,29400
Southern Europe (FAO),,1963,28051
Southern Europe (FAO),,1964,27610
Southern Europe (FAO),,1965,22460
Southern Europe (FAO),,1966,21925
Southern Europe (FAO),,1967,19056
Southern Europe (FAO),,1968,19745
Southern Europe (FAO),,1969,16360
Southern Europe (FAO),,1970,15369
Southern Europe (FAO),,1971,13278
Southern Europe (FAO),,1972,11285
Southern Europe (FAO),,1973,10921
Southern Europe (FAO),,1974,14202
Southern Europe (FAO),,1975,12265
Southern Europe (FAO),,1976,10035
Southern Europe (FAO),,1977,10120
Southern Europe (FAO),,1978,7443
Southern Europe (FAO),,1979,8328
Southern Europe (FAO),,1980,7829
Southern Europe (FAO),,1981,9740
Southern Europe (FAO),,1982,4930
Southern Europe (FAO),,1983,4255
Southern Europe (FAO),,1984,4182
Southern Europe (FAO),,1985,5088
Southern Europe (FAO),,1986,3956
Southern Europe (FAO),,1987,4350
Southern Europe (FAO),,1988,3885
Southern Europe (FAO),,1989,3130
Southern Europe (FAO),,1990,2845
Southern Europe (FAO),,1991,2829
Southern Europe (FAO),,1992,2840
Southern Europe (FAO),,1993,3008
Southern Europe (FAO),,1994,2500
Southern Europe (FAO),,1995,3345
Southern Europe (FAO),,1996,6600
Southern Europe (FAO),,1997,7967
Southern Europe (FAO),,1998,7718
Southern Europe (FAO),,1999,5667
Southern Europe (FAO),,2000,7802
Southern Europe (FAO),,2001,5383
Southern Europe (FAO),,2002,8577
Southern Europe (FAO),,2003,6288
Southern Europe (FAO),,2004,13285
Southern Europe (FAO),,2005,28399
Southern Europe (FAO),,2006,5086
Southern Europe (FAO),,2007,19122
Southern Europe (FAO),,2008,11123
Southern Europe (FAO),,2009,27526
Southern Europe (FAO),,2010,32283
Southern Europe (FAO),,2011,57292
Southern Europe (FAO),,2012,119415
Southern Europe (FAO),,2013,58437
Southern Europe (FAO),,2014,78640
Southern Europe (FAO),,2015,86702
Southern Europe (FAO),,2016,98592
Southern Europe (FAO),,2017,92774
Southern Europe (FAO),,2018,111456
Southern Europe (FAO),,2019,106815
Southern Europe (FAO),,2020,107066
Southern Europe (FAO),,2021,110949
Sri Lanka,LKA,1961,39000
Sri Lanka,LKA,1962,40000
Sri Lanka,LKA,1963,43000
Sri Lanka,LKA,1964,50000
Sri Lanka,LKA,1965,53000
Sri Lanka,LKA,1966,42000
Sri Lanka,LKA,1967,38000
Sri Lanka,LKA,1968,39000
Sri Lanka,LKA,1969,38000
Sri Lanka,LKA,1970,37000
Sri Lanka,LKA,1971,37000
Sri Lanka,LKA,1972,37000
Sri Lanka,LKA,1973,36000
Sri Lanka,LKA,1974,37000
Sri Lanka,LKA,1975,41000
Sri Lanka,LKA,1976,43000
Sri Lanka,LKA,1977,40000
Sri Lanka,LKA,1978,41000
Sri Lanka,LKA,1979,42000
Sri Lanka,LKA,1980,42000
Sri Lanka,LKA,1981,45000
Sri Lanka,LKA,1982,44000
Sri Lanka,LKA,1983,46000
Sri Lanka,LKA,1984,48000
Sri Lanka,LKA,1985,49000
Sri Lanka,LKA,1986,48000
Sri Lanka,LKA,1987,50000
Sri Lanka,LKA,1988,48000
Sri Lanka,LKA,1989,49000
Sri Lanka,LKA,1990,70000
Sri Lanka,LKA,1991,81461
Sri Lanka,LKA,1992,81624
Sri Lanka,LKA,1993,81793
Sri Lanka,LKA,1994,81968
Sri Lanka,LKA,1995,82304
Sri Lanka,LKA,1996,82658
Sri Lanka,LKA,1997,83011
Sri Lanka,LKA,1998,83364
Sri Lanka,LKA,1999,83717
Sri Lanka,LKA,2000,84071
Sri Lanka,LKA,2001,84424
Sri Lanka,LKA,2002,84770
Sri Lanka,LKA,2003,83543
Sri Lanka,LKA,2004,83936
Sri Lanka,LKA,2005,84493
Sri Lanka,LKA,2006,85048
Sri Lanka,LKA,2007,85602
Sri Lanka,LKA,2008,86153
Sri Lanka,LKA,2009,86699
Sri Lanka,LKA,2010,87240
Sri Lanka,LKA,2011,88062
Sri Lanka,LKA,2012,88910
Sri Lanka,LKA,2013,94779
Sri Lanka,LKA,2014,117611
Sri Lanka,LKA,2015,85398
Sri Lanka,LKA,2016,85133
Sri Lanka,LKA,2017,79115
Sri Lanka,LKA,2018,79115
Sri Lanka,LKA,2019,79292
Sri Lanka,LKA,2020,78496
Sri Lanka,LKA,2021,73982
Syria,SYR,1961,300
Syria,SYR,1962,300
Syria,SYR,1963,300
Syria,SYR,1964,300
Syria,SYR,1965,300
Syria,SYR,1966,301
Syria,SYR,1967,343
Syria,SYR,1968,395
Syria,SYR,1969,787
Syria,SYR,1970,872
Syria,SYR,1971,770
Syria,SYR,1972,820
Syria,SYR,1973,900
Syria,SYR,1974,780
Syria,SYR,1975,1000
Syria,SYR,1976,1075
Syria,SYR,1977,1230
Syria,SYR,1978,1290
Syria,SYR,1979,1530
Syria,SYR,1980,1300
Syria,SYR,1981,1250
Syria,SYR,1982,1425
Syria,SYR,1983,1425
Syria,SYR,1984,1180
Syria,SYR,1985,1100
Syria,SYR,1986,1050
Syria,SYR,1987,800
Syria,SYR,1988,720
Syria,SYR,1989,660
Syria,SYR,1990,487
Syria,SYR,1991,659
Syria,SYR,1992,758
Syria,SYR,1993,650
Syria,SYR,1994,715
Syria,SYR,1995,710
Syria,SYR,1996,820
Syria,SYR,1997,965
Syria,SYR,1998,730
Syria,SYR,1999,1600
Syria,SYR,2000,1600
Syria,SYR,2001,1400
Syria,SYR,2002,1600
Syria,SYR,2003,1500
Syria,SYR,2004,1500
Syria,SYR,2005,2218
Syria,SYR,2006,2273
Syria,SYR,2007,3000
Syria,SYR,2008,3000
Syria,SYR,2009,3000
Syria,SYR,2010,4107
Syria,SYR,2011,4133
Syria,SYR,2012,4140
Syria,SYR,2013,4193
Syria,SYR,2014,4242
Syria,SYR,2015,4273
Syria,SYR,2016,4290
Syria,SYR,2017,3703
Syria,SYR,2018,3713
Syria,SYR,2019,3815
Syria,SYR,2020,3855
Syria,SYR,2021,3474
Taiwan,TWN,1961,16570
Taiwan,TWN,1962,24184
Taiwan,TWN,1963,33493
Taiwan,TWN,1964,33931
Taiwan,TWN,1965,20705
Taiwan,TWN,1966,21162
Taiwan,TWN,1967,25246
Taiwan,TWN,1968,30681
Taiwan,TWN,1969,33293
Taiwan,TWN,1970,35160
Taiwan,TWN,1971,29718
Taiwan,TWN,1972,16812
Taiwan,TWN,1973,20994
Taiwan,TWN,1974,17144
Taiwan,TWN,1975,12845
Taiwan,TWN,1976,36826
Taiwan,TWN,1977,54547
Taiwan,TWN,1978,35054
Taiwan,TWN,1979,28128
Taiwan,TWN,1980,19518
Taiwan,TWN,1981,18455
Taiwan,TWN,1982,19969
Taiwan,TWN,1983,21537
Taiwan,TWN,1984,19141
Taiwan,TWN,1985,10503
Taiwan,TWN,1986,5937
Taiwan,TWN,1987,6904
Taiwan,TWN,1988,4754
Taiwan,TWN,1989,12195
Taiwan,TWN,1990,6397
Taiwan,TWN,1991,7337
Taiwan,TWN,1992,8744
Taiwan,TWN,1993,4847
Taiwan,TWN,1994,6297
Taiwan,TWN,1995,5100
Taiwan,TWN,1996,4500
Taiwan,TWN,1997,3800
Taiwan,TWN,1998,3400
Taiwan,TWN,1999,3700
Taiwan,TWN,2000,3100
Taiwan,TWN,2001,2600
Taiwan,TWN,2002,2200
Taiwan,TWN,2003,2000
Taiwan,TWN,2004,2000
Taiwan,TWN,2005,1900
Taiwan,TWN,2006,1700
Taiwan,TWN,2007,1650
Taiwan,TWN,2008,1750
Taiwan,TWN,2009,1750
Taiwan,TWN,2010,1701
Taiwan,TWN,2011,1731
Taiwan,TWN,2012,1700
Taiwan,TWN,2013,1749
Taiwan,TWN,2014,1757
Taiwan,TWN,2015,2060
Taiwan,TWN,2016,2074
Taiwan,TWN,2017,2121
Taiwan,TWN,2018,2118
Taiwan,TWN,2019,2052
Taiwan,TWN,2020,2294
Taiwan,TWN,2021,2335
Thailand,THA,1961,500000
Thailand,THA,1962,530000
Thailand,THA,1963,540000
Thailand,THA,1964,550000
Thailand,THA,1965,560000
Thailand,THA,1966,570000
Thailand,THA,1967,580000
Thailand,THA,1968,590000
Thailand,THA,1969,600000
Thailand,THA,1970,600000
Thailand,THA,1971,580000
Thailand,THA,1972,550000
Thailand,THA,1973,580000
Thailand,THA,1974,590000
Thailand,THA,1975,590000
Thailand,THA,1976,620000
Thailand,THA,1977,630000
Thailand,THA,1978,640000
Thailand,THA,1979,650000
Thailand,THA,1980,600000
Thailand,THA,1981,650000
Thailand,THA,1982,700000
Thailand,THA,1983,680000
Thailand,THA,1984,670000
Thailand,THA,1985,660000
Thailand,THA,1986,660000
Thailand,THA,1987,630000
Thailand,THA,1988,600000
Thailand,THA,1989,580000
Thailand,THA,1990,540000
Thailand,THA,1991,520000
Thailand,THA,1992,500000
Thailand,THA,1993,525670
Thailand,THA,1994,440620
Thailand,THA,1995,413980
Thailand,THA,1996,359441
Thailand,THA,1997,312784
Thailand,THA,1998,273932
Thailand,THA,1999,238804
Thailand,THA,2000,166841
Thailand,THA,2001,130752
Thailand,THA,2002,107733
Thailand,THA,2003,86048
Thailand,THA,2004,90495
Thailand,THA,2005,120621
Thailand,THA,2006,102183
Thailand,THA,2007,118082
Thailand,THA,2008,91436
Thailand,THA,2009,89260
Thailand,THA,2010,108642
Thailand,THA,2011,91837
Thailand,THA,2012,178503
Thailand,THA,2013,161026
Thailand,THA,2014,82610
Thailand,THA,2015,85334
Thailand,THA,2016,116966
Thailand,THA,2017,109896
Thailand,THA,2018,89428
Thailand,THA,2019,82719
Thailand,THA,2020,73951
Thailand,THA,2021,57434
Trinidad and Tobago,TTO,2017,0
Trinidad and Tobago,TTO,2018,190
Trinidad and Tobago,TTO,2019,70
Trinidad and Tobago,TTO,2020,100
Trinidad and Tobago,TTO,2021,50
Turkey,TUR,1961,129000
Turkey,TUR,1962,162000
Turkey,TUR,1963,198000
Turkey,TUR,1964,174000
Turkey,TUR,1965,176000
Turkey,TUR,1966,147000
Turkey,TUR,1967,160000
Turkey,TUR,1968,161000
Turkey,TUR,1969,163000
Turkey,TUR,1970,170000
Turkey,TUR,1971,160000
Turkey,TUR,1972,140000
Turkey,TUR,1973,130000
Turkey,TUR,1974,140705
Turkey,TUR,1975,147110
Turkey,TUR,1976,130660
Turkey,TUR,1977,122950
Turkey,TUR,1978,104840
Turkey,TUR,1979,111333
Turkey,TUR,1980,94950
Turkey,TUR,1981,96210
Turkey,TUR,1982,94010
Turkey,TUR,1983,105420
Turkey,TUR,1984,112561
Turkey,TUR,1985,105133
Turkey,TUR,1986,117576
Turkey,TUR,1987,107051
Turkey,TUR,1988,98418
Turkey,TUR,1989,97430
Turkey,TUR,1990,82880
Turkey,TUR,1991,59950
Turkey,TUR,1992,54540
Turkey,TUR,1993,50300
Turkey,TUR,1994,56710
Turkey,TUR,1995,38310
Turkey,TUR,1996,20100
Turkey,TUR,1997,36296
Turkey,TUR,1998,27000
Turkey,TUR,1999,28240
Turkey,TUR,2000,23518
Turkey,TUR,2001,36072
Turkey,TUR,2002,33257
Turkey,TUR,2003,30004
Turkey,TUR,2004,27586
Turkey,TUR,2005,25060
Turkey,TUR,2006,23867
Turkey,TUR,2007,22916
Turkey,TUR,2008,21494
Turkey,TUR,2009,20111
Turkey,TUR,2010,19126
Turkey,TUR,2011,19127
Turkey,TUR,2012,19967
Turkey,TUR,2013,21465
Turkey,TUR,2014,23899
Turkey,TUR,2015,25713
Turkey,TUR,2016,27663
Turkey,TUR,2017,29476
Turkey,TUR,2018,32389
Turkey,TUR,2019,35695
Turkey,TUR,2020,40929
Turkey,TUR,2021,51925
Turkmenistan,TKM,2018,0
Turkmenistan,TKM,2019,889000
Turkmenistan,TKM,2020,899000
Turkmenistan,TKM,2021,909000
United States,USA,1991,0
United States,USA,1992,0
United States,USA,1993,0
United States,USA,1994,0
United States,USA,1995,0
United States,USA,1996,0
United States,USA,1997,0
United States,USA,1998,0
United States,USA,1999,0
United States,USA,2000,0
United States,USA,2001,0
United States,USA,2002,0
United States,USA,2003,0
United States,USA,2004,0
United States,USA,2005,0
United States,USA,2006,0
United States,USA,2007,0
United States,USA,2008,0
United States,USA,2009,0
United States,USA,2010,0
United States,USA,2011,0
United States,USA,2012,0
United States,USA,2013,0
United States,USA,2014,0
United States,USA,2015,0
United States,USA,2016,0
United States,USA,2017,0
United States,USA,2018,0
United States,USA,2019,0
United States,USA,2020,0
United States,USA,2021,0
Upper-middle-income countries,,1961,975600
Upper-middle-income countries,,1962,1080500
Upper-middle-income countries,,1963,1196200
Upper-middle-income countries,,1964,1208100
Upper-middle-income countries,,1965,1258900
Upper-middle-income countries,,1966,1270603
Upper-middle-income countries,,1967,1294121
Upper-middle-income countries,,1968,1300690
Upper-middle-income countries,,1969,1316714
Upper-middle-income countries,,1970,1322521
Upper-middle-income countries,,1971,1348836
Upper-middle-income countries,,1972,1339738
Upper-middle-income countries,,1973,1436832
Upper-middle-income countries,,1974,1457944
Upper-middle-income countries,,1975,1480171
Upper-middle-income countries,,1976,1510210
Upper-middle-income countries,,1977,1497682
Upper-middle-income countries,,1978,1487966
Upper-middle-income countries,,1979,1584302
Upper-middle-income countries,,1980,1525903
Upper-middle-income countries,,1981,1584686
Upper-middle-income countries,,1982,1650033
Upper-middle-income countries,,1983,1780797
Upper-middle-income countries,,1984,1846931
Upper-middle-income countries,,1985,1952786
Upper-middle-income countries,,1986,2151424
Upper-middle-income countries,,1987,2227113
Upper-middle-income countries,,1988,2702542
Upper-middle-income countries,,1989,2248951
Upper-middle-income countries,,1990,2254063
Upper-middle-income countries,,1991,2429488
Upper-middle-income countries,,1992,2496724
Upper-middle-income countries,,1993,2975169
Upper-middle-income countries,,1994,3180913
Upper-middle-income countries,,1995,3499271
Upper-middle-income countries,,1996,2915772
Upper-middle-income countries,,1997,3622500
Upper-middle-income countries,,1998,3714748
Upper-middle-income countries,,1999,3957363
Upper-middle-income countries,,2000,3820446
Upper-middle-income countries,,2001,3970681
Upper-middle-income countries,,2002,4020977
Upper-middle-income countries,,2003,3163952
Upper-middle-income countries,,2004,3429805
Upper-middle-income countries,,2005,3623461
Upper-middle-income countries,,2006,3047635
Upper-middle-income countries,,2007,3246349
Upper-middle-income countries,,2008,3231517
Upper-middle-income countries,,2009,4454762
Upper-middle-income countries,,2010,4505595
Upper-middle-income countries,,2011,4378187
Upper-middle-income countries,,2012,4492230
Upper-middle-income countries,,2013,4424395
Upper-middle-income countries,,2014,4362545
Upper-middle-income countries,,2015,4385288
Upper-middle-income countries,,2016,4472810
Upper-middle-income countries,,2017,4551846
Upper-middle-income countries,,2018,4594431
Upper-middle-income countries,,2019,5561480
Upper-middle-income countries,,2020,5637460
Upper-middle-income countries,,2021,5621703
Venezuela,VEN,2017,0
Venezuela,VEN,2018,51600
Venezuela,VEN,2019,85200
Venezuela,VEN,2020,79500
Venezuela,VEN,2021,78900
Vietnam,VNM,1961,203000
Vietnam,VNM,1962,205000
Vietnam,VNM,1963,208000
Vietnam,VNM,1964,215000
Vietnam,VNM,1965,225000
Vietnam,VNM,1966,237000
Vietnam,VNM,1967,242000
Vietnam,VNM,1968,250000
Vietnam,VNM,1969,257000
Vietnam,VNM,1970,265000
Vietnam,VNM,1971,260000
Vietnam,VNM,1972,263000
Vietnam,VNM,1973,267000
Vietnam,VNM,1974,270000
Vietnam,VNM,1975,275000
Vietnam,VNM,1976,280000
Vietnam,VNM,1977,276000
Vietnam,VNM,1978,280000
Vietnam,VNM,1979,290000
Vietnam,VNM,1980,300000
Vietnam,VNM,1981,305000
Vietnam,VNM,1982,300000
Vietnam,VNM,1983,320000
Vietnam,VNM,1984,350000
Vietnam,VNM,1985,365000
Vietnam,VNM,1986,372000
Vietnam,VNM,1987,380000
Vietnam,VNM,1988,390000
Vietnam,VNM,1989,400000
Vietnam,VNM,1990,415000
Vietnam,VNM,1991,428119
Vietnam,VNM,1992,435140
Vietnam,VNM,1993,449242
Vietnam,VNM,1994,454646
Vietnam,VNM,1995,455297
Vietnam,VNM,1996,338750
Vietnam,VNM,1997,350000
Vietnam,VNM,1998,306250
Vietnam,VNM,1999,317500
Vietnam,VNM,2000,332500
Vietnam,VNM,2001,338750
Vietnam,VNM,2002,356250
Vietnam,VNM,2003,370000
Vietnam,VNM,2004,395000
Vietnam,VNM,2005,411250
Vietnam,VNM,2006,450000
Vietnam,VNM,2007,463750
Vietnam,VNM,2008,479043
Vietnam,VNM,2009,491000
Vietnam,VNM,2010,490000
Vietnam,VNM,2011,462000
Vietnam,VNM,2012,447700
Vietnam,VNM,2013,436000
Vietnam,VNM,2014,399103
Vietnam,VNM,2015,391853
Vietnam,VNM,2016,396995
Vietnam,VNM,2017,400421
Vietnam,VNM,2018,414193
Vietnam,VNM,2019,426306
Vietnam,VNM,2020,435279
Vietnam,VNM,2021,555512
Western Asia (FAO),,1961,159300
Western Asia (FAO),,1962,192300
Western Asia (FAO),,1963,228300
Western Asia (FAO),,1964,202300
Western Asia (FAO),,1965,202300
Western Asia (FAO),,1966,172301
Western Asia (FAO),,1967,185343
Western Asia (FAO),,1968,186395
Western Asia (FAO),,1969,189787
Western Asia (FAO),,1970,198872
Western Asia (FAO),,1971,186770
Western Asia (FAO),,1972,167820
Western Asia (FAO),,1973,155900
Western Asia (FAO),,1974,165485
Western Asia (FAO),,1975,171979
Western Asia (FAO),,1976,157933
Western Asia (FAO),,1977,147680
Western Asia (FAO),,1978,128130
Western Asia (FAO),,1979,133363
Western Asia (FAO),,1980,116450
Western Asia (FAO),,1981,118960
Western Asia (FAO),,1982,116435
Western Asia (FAO),,1983,128345
Western Asia (FAO),,1984,134241
Western Asia (FAO),,1985,124233
Western Asia (FAO),,1986,135126
Western Asia (FAO),,1987,124651
Western Asia (FAO),,1988,116038
Western Asia (FAO),,1989,115490
Western Asia (FAO),,1990,124367
Western Asia (FAO),,1991,84609
Western Asia (FAO),,1992,76298
Western Asia (FAO),,1993,80950
Western Asia (FAO),,1994,82425
Western Asia (FAO),,1995,60020
Western Asia (FAO),,1996,31880
Western Asia (FAO),,1997,48261
Western Asia (FAO),,1998,39730
Western Asia (FAO),,1999,41840
Western Asia (FAO),,2000,37618
Western Asia (FAO),,2001,47472
Western Asia (FAO),,2002,42857
Western Asia (FAO),,2003,36578
Western Asia (FAO),,2004,37075
Western Asia (FAO),,2005,40403
Western Asia (FAO),,2006,52390
Western Asia (FAO),,2007,46651
Western Asia (FAO),,2008,67144
Western Asia (FAO),,2009,58656
Western Asia (FAO),,2010,63233
Western Asia (FAO),,2011,61602
Western Asia (FAO),,2012,67807
Western Asia (FAO),,2013,48275
Western Asia (FAO),,2014,51442
Western Asia (FAO),,2015,57186
Western Asia (FAO),,2016,55894
Western Asia (FAO),,2017,60297
Western Asia (FAO),,2018,62660
Western Asia (FAO),,2019,66980
Western Asia (FAO),,2020,73196
Western Asia (FAO),,2021,84786
World,OWID_WRL,1961,7743998
World,OWID_WRL,1962,7988885
World,OWID_WRL,1963,8126010
World,OWID_WRL,1964,8408479
World,OWID_WRL,1965,8566176
World,OWID_WRL,1966,8682884
World,OWID_WRL,1967,8897674
World,OWID_WRL,1968,9239026
World,OWID_WRL,1969,9410656
World,OWID_WRL,1970,9626442
World,OWID_WRL,1971,9912469
World,OWID_WRL,1972,10089687
World,OWID_WRL,1973,10436783
World,OWID_WRL,1974,10725174
World,OWID_WRL,1975,10816197
World,OWID_WRL,1976,11050462
World,OWID_WRL,1977,11268971
World,OWID_WRL,1978,11448182
World,OWID_WRL,1979,11758403
World,OWID_WRL,1980,11971663
World,OWID_WRL,1981,12320359
World,OWID_WRL,1982,13106928
World,OWID_WRL,1983,13293716
World,OWID_WRL,1984,13711912
World,OWID_WRL,1985,14285865
World,OWID_WRL,1986,14771292
World,OWID_WRL,1987,14841146
World,OWID_WRL,1988,16025267
World,OWID_WRL,1989,15878160
World,OWID_WRL,1990,16265642
World,OWID_WRL,1991,16609657
World,OWID_WRL,1992,17002752
World,OWID_WRL,1993,17765104
World,OWID_WRL,1994,18420712
World,OWID_WRL,1995,19192856
World,OWID_WRL,1996,17865096
World,OWID_WRL,1997,19252872
World,OWID_WRL,1998,19615128
World,OWID_WRL,1999,20255066
World,OWID_WRL,2000,20438580
World,OWID_WRL,2001,20339092
World,OWID_WRL,2002,20732948
World,OWID_WRL,2003,20042860
World,OWID_WRL,2004,20676200
World,OWID_WRL,2005,21280596
World,OWID_WRL,2006,22076100
World,OWID_WRL,2007,22905560
World,OWID_WRL,2008,23230556
World,OWID_WRL,2009,24891182
World,OWID_WRL,2010,25831980
World,OWID_WRL,2011,26084024
World,OWID_WRL,2012,26540820
World,OWID_WRL,2013,26120402
World,OWID_WRL,2014,26349312
World,OWID_WRL,2015,26435292
World,OWID_WRL,2016,26613040
World,OWID_WRL,2017,26752008
World,OWID_WRL,2018,27495594
World,OWID_WRL,2019,28080496
World,OWID_WRL,2020,28013364
World,OWID_WRL,2021,28601802