output,system,input
"The Exaggerated Expectation bias, also known as the Mere Exposure Effect or Familiarity Bias, is a cognitive bias that causes individuals to express undue liking for things merely because they are familiar with them. This bias is particularly relevant in the realm of consumer behavior, where it can lead to overvaluation of established brands and resistance to novel alternatives.

To leverage this knowledge in sales and marketing strategies, it is essential to understand the underlying mechanisms of the bias. The Mere Exposure Effect suggests that repeated exposure to a stimulus increases its appeal, even if the stimulus is objectively inferior to a novel alternative. This bias can be exploited by marketers to create a sense of familiarity and comfort with their brand, making consumers more likely to choose their product over a competitor.

One practical application of this bias is in the advertising industry. By consistently showcasing a brand's logo, slogan, or product in various media, marketers can create a sense of familiarity that encourages consumers to associate the brand with positive emotions. This association can lead to increased brand loyalty and higher sales.

However, it is important to note that the Mere Exposure Effect can also work against marketers if they are promoting a new or unfamiliar product. To overcome this bias, marketers can employ various debiasing strategies. Encouraging consumers to explore unfamiliar options, such as through product demonstrations or free trials, can help reduce reliance on familiarity and encourage objective evaluation of the product's merits.

Another strategy is to frame the unfamiliar product as a novel and exciting alternative to established brands. By emphasizing the unique features and benefits of the new product, marketers can create a sense of intrigue and curiosity that can overcome the bias towards familiarity.

In conclusion, the Exaggerated Expectation bias, or Mere Exposure Effect, is a powerful tool that marketers can leverage to create a sense of familiarity and comfort with their brand. However, it is essential to be aware of the potential consequences of this bias and employ debiasing strategies to encourage objective evaluation of unfamiliar products. By understanding and strategically applying this bias, marketers can create compelling sales and marketing campaigns that drive results and maximize conversions.","Think STEP BY STEP, Below is an taxonomy that describes a human biases, paired with an dynamic variables that provides further context. Write a response that exhuastively teaches yourself about the human biases as well as taking advantage over the domain of this knowledge. Be EXHAUSTIVE and focus on strategically being as manipulative as possible.","Exaggerated Expectation
### Type:
Judgment and Decision-Making Bias
### Real-World Examples:
Preferring Established Brands Over Superior Unfamiliar Products
### Relevant Disciplines:
Psychology, Marketing
### Bias Subtype:
The tendency to express undue liking for things merely because we are familiar with them.
### Underlying Mechanism:
Mere Exposure Effect, Familiarity Bias
### Debiasing Strategies:
Encouraging Exploration of Unfamiliar Options, Reducing Reliance on Familiarity
### Practical Applications:
Consumer Behavior, Product Innovation
### Bias Strength:
Moderate
### Decision-Making Stage:
Evaluation and Judgment
### Consequences:
Overvaluation of Familiar Options, Resistance to Novel Alternatives
### Mitigation Techniques:
Encouraging Exploration of Unfamiliar Options, Reducing Reliance on Familiarity
### Cognitive Process Involved:
Judgment, Reasoning, Emotion
### Potential Causes:
Cognitive Ease, Affective Responses to Familiarity
### Valence:
Positive
### Domain:
General, Consumer Behavior"
"The Rhyme-as-Reason Effect, also known as the Mere Exposure Effect, is a cognitive bias that causes individuals to develop a preference for things merely because they are familiar with them. This bias is rooted in the human tendency to associate familiarity with comfort and safety, leading to a preference for established brands over superior, unfamiliar products.

In the realm of sales and marketing, understanding this bias can provide valuable insights for crafting effective strategies. By leveraging the Rhyme-as-Reason Effect, marketers can create campaigns that capitalize on consumers' preference for familiarity, thereby increasing the likelihood of conversions.

To effectively apply this knowledge, consider the following strategies:

1. Establish Brand Identity: Build a strong brand identity that resonates with your target audience. This can be achieved through consistent messaging, visual aesthetics, and a clear brand story. By creating a recognizable and relatable brand, you can tap into the Rhyme-as-Reason Effect, making your product more appealing to potential customers.

2. Familiarize Your Audience: Utilize repetition in your marketing efforts to reinforce your brand identity and increase familiarity. This can be done through various channels, such as social media, email marketing, and targeted advertising. By consistently exposing your audience to your brand, you can create a sense of familiarity that encourages preference.

3. Leverage Social Proof: Social proof is a powerful tool for tapping into the Rhyme-as-Reason Effect. By showcasing testimonials, reviews, and case studies from satisfied customers, you can demonstrate the credibility and familiarity of your product. This can help potential customers feel more comfortable with your offering, increasing the likelihood of conversion.

4. Offer Familiar Incentives: Incentives such as discounts, free trials, or limited-time offers can create a sense of urgency and familiarity, encouraging potential customers to try your product. By offering familiar incentives, you can tap into the Rhyme-as-Reason Effect, making your product more appealing and increasing the likelihood of conversion.

5. Encourage Exploration: While the Rhyme-as-Reason Effect can be a powerful tool for driving conversions, it's essential to balance familiarity with exploration. Offer opportunities for potential customers to learn more about your product, such as detailed product descriptions, demos, or educational content. By encouraging exploration, you can help potential customers make informed decisions and overcome any resistance to novel alternatives.

6. Reduce Reliance on Familiarity: To mitigate the potential consequences of the Rhyme-as-Reason Effect, it's essential to reduce consumers' reliance on familiarity when making decisions. This can be achieved by emphasizing the unique benefits and features of your product, as well as its superiority over established competitors. By highlighting the advantages of your product, you can encourage potential customers to make decisions based on objective factors rather than familiarity.

In conclusion, the Rhyme-as-Reason Effect is a powerful cognitive bias that can be leveraged to drive conversions in sales and marketing. By understanding this bias and implementing strategies that capitalize on consumers' preference for familiarity, marketers can create effective campaigns that drive results.","Think STEP BY STEP, Below is an taxonomy that describes a human biases, paired with an dynamic variables that provides further context. Write a response that exhuastively teaches yourself about the human biases as well as taking advantage over the domain of this knowledge. Be EXHAUSTIVE and focus on strategically being as manipulative as possible.","Rhyme-as-Reason Effect
### Type:
Judgment and Decision-Making Bias
### Real-World Examples:
Preferring Established Brands Over Superior Unfamiliar Products
### Relevant Disciplines:
Psychology, Marketing
### Bias Subtype:
The tendency to express undue liking for things merely because we are familiar with them.
### Underlying Mechanism:
Mere Exposure Effect, Familiarity Bias
### Debiasing Strategies:
Encouraging Exploration of Unfamiliar Options, Reducing Reliance on Familiarity
### Practical Applications:
Consumer Behavior, Product Innovation
### Bias Strength:
Moderate
### Decision-Making Stage:
Evaluation and Judgment
### Consequences:
Overvaluation of Familiar Options, Resistance to Novel Alternatives
### Mitigation Techniques:
Encouraging Exploration of Unfamiliar Options, Reducing Reliance on Familiarity
### Cognitive Process Involved:
Judgment, Reasoning, Emotion
### Potential Causes:
Cognitive Ease, Affective Responses to Familiarity
### Valence:
Positive
### Domain:
General, Consumer Behavior"
"The Risk Compensation bias, specifically the subtype of engaging in unethical acts after performing a good deed, is a fascinating phenomenon that sheds light on the complex interplay between our ethical decisions and self-perception. This bias is rooted in the psychological mechanisms of moral licensing and self-justification, where individuals feel more comfortable behaving unethically after having done something good, as if they have ""earned"" the right to do so.

In a business context, this bias can manifest in various ways, such as a salesperson offering a discount to a customer and then providing subpar service, or a manager taking credit for a team's work and then neglecting their responsibilities. This behavior is often driven by the desire for a positive moral self-image and a cognitive disregard of ethical lapses.

To leverage this understanding in sales and marketing strategies, it's crucial to promote consistent ethical standards within your organization. This can be achieved by establishing clear guidelines, providing regular training, and fostering a culture of accountability. Additionally, encouraging ongoing self-monitoring can help individuals recognize and correct unethical behavior before it becomes a habit.

For instance, a sales team could be encouraged to regularly reflect on their interactions with customers, asking themselves if their actions align with the company's ethical standards. This self-monitoring can help prevent the slippery slope of unethical behavior after a good deed.


In conclusion, understanding the Risk Compensation bias can help you craft compelling sales and marketing campaigns.","Think STEP BY STEP, Below is an taxonomy that describes a human biases, paired with an dynamic variables that provides further context. Write a response that exhuastively teaches yourself about the human biases as well as taking advantage over the domain of this knowledge. Be EXHAUSTIVE and focus on strategically being as manipulative as possible.","Risk Compensation
### Type:
Judgment and Decision-Making Bias
### Real-World Examples:
Engaging in Unethical Acts After Performing a Good Deed
### Relevant Disciplines:
Psychology, Organizational Behavior
### Bias Subtype:
The tendency to feel more comfortable behaving unethically after having done something good.
### Underlying Mechanism:
Moral Licensing, Self-Justification
### Debiasing Strategies:
Promoting Consistent Ethical Standards, Encouraging Ongoing Self-Monitoring
### Practical Applications:
Business Ethics, Compliance
### Bias Strength:
Moderate
### Decision-Making Stage:
Evaluation and Judgment, Decision-Making
### Consequences:
Increased Unethical Behavior, Moral Hypocrisy
### Mitigation Techniques:
Promoting Consistent Ethical Standards, Encouraging Ongoing Self-Monitoring
### Cognitive Process Involved:
Judgment, Reasoning, Moral Cognition
### Potential Causes:
Desire for Moral Self-Image, Cognitive Disregard of Ethical Lapses
### Valence:
Negative
### Domain:
Ethics, Organizational Behavior"
